name,rating,genre,released,country,gross,company
The Shining,R,Drama,"June 13, 1980",United Kingdom,46998772.0,Warner Bros.
The Blue Lagoon,R,Adventure,"July 2, 1980",United States,58853106.0,Columbia Pictures
Star Wars: Episode V - The Empire Strikes Back,PG,Action,"June 20, 1980",United States,538375067.0,Lucasfilm
Airplane!,PG,Comedy,"July 2, 1980",United States,83453539.0,Paramount Pictures
Caddyshack,R,Comedy,"July 25, 1980",United States,39846344.0,Orion Pictures
Friday the 13th,R,Horror,"May 9, 1980",United States,39754601.0,Paramount Pictures
The Blues Brothers,R,Action,"June 20, 1980",United States,115229890.0,Universal Pictures
Raging Bull,R,Biography,"December 19, 1980",United States,23402427.0,Chartoff-Winkler Productions
Superman II,PG,Action,"June 19, 1981",United States,108185706.0,Dovemead Films
The Long Riders,R,Biography,"May 16, 1980",United States,15795189.0,United Artists
Any Which Way You Can,PG,Action,"December 17, 1980",United States,70687344.0,The Malpaso Company
The Gods Must Be Crazy,PG,Adventure,"October 26, 1984",South Africa,30031783.0,C.A.T. Films
Popeye,PG,Adventure,"December 12, 1980",United States,49823037.0,Paramount Pictures
Ordinary People,R,Drama,"September 19, 1980",United States,54766923.0,Paramount Pictures
Dressed to Kill,R,Crime,"July 25, 1980",United States,31899000.0,Filmways Pictures
Somewhere in Time,PG,Drama,"October 3, 1980",United States,9709597.0,Rastar Pictures
Fame,R,Drama,"May 16, 1980",United States,21202829.0,Metro-Goldwyn-Mayer (MGM)
9 to 5,PG,Comedy,"December 19, 1980",United States,103300686.0,IPC Films
The Fog,R,Horror,"February 8, 1980",United States,21448782.0,AVCO Embassy Pictures
Stir Crazy,R,Comedy,"December 12, 1980",United States,101300000.0,Columbia Pictures
Cruising,R,Crime,"February 15, 1980",West Germany,19814523.0,Lorimar Film Entertainment
Heaven's Gate,R,Adventure,"April 24, 1981",United States,3484523.0,Partisan Productions
The Final Countdown,PG,Action,"August 1, 1980",United States,16647800.0,Bryna Productions
Xanadu,PG,Fantasy,"August 8, 1980",United States,22762571.0,Universal Pictures
Urban Cowboy,PG,Drama,"June 6, 1980",United States,46918287.0,Paramount Pictures
Altered States,R,Horror,"December 25, 1980",United States,19853892.0,Warner Bros.
Little Darlings,R,Comedy,"March 21, 1980",United States,34326249.0,Stephen Friedman/Kings Road Productions
Raise the Titanic,PG,Action,"August 1, 1980",United Kingdom,,ITC Films
Brubaker,R,Crime,"June 20, 1980",United States,37121708.0,Twentieth Century Fox
American Gigolo,R,Crime,"February 1, 1980",United States,22743674.0,Paramount Pictures
My Bodyguard,PG,Comedy,"September 26, 1980",United States,22482952.0,Twentieth Century Fox
Prom Night,R,Horror,"July 18, 1980",Canada,14796236.0,Guardian Trust Company
Smokey and the Bandit II,PG,Action,"August 15, 1980",United States,66132626.0,Universal Pictures
Cattle Annie and Little Britches,PG,Drama,"April 24, 1981",United States,534816.0,Cattle Annie Productions
Seems Like Old Times,PG,Comedy,"December 19, 1980",United States,43995918.0,Rastar Films
Private Benjamin,R,Comedy,"October 10, 1980",United States,69847348.0,Warner Bros.
The Hollywood Knights,R,Comedy,"May 30, 1980",United States,10000000.0,PolyGram Filmed Entertainment
Motel Hell,R,Comedy,"October 24, 1980",United States,6342668.0,Camp Hill
The Jazz Singer,PG,Drama,"December 19, 1980",United States,27118000.0,EMI Films
Coal Miner's Daughter,PG,Biography,"March 7, 1980",United States,67182787.0,Universal Pictures
The Watcher in the Woods,PG,Family,"October 9, 1981",United States,5000000.0,Walt Disney Productions
Breaker Morant,PG,Drama,"July 3, 1980",Australia,,The South Australian Film Corporation
The Stunt Man,R,Action,"June 27, 1980",United States,7063886.0,Melvin Simon Productions
Where the Buffalo Roam,R,Biography,"April 25, 1980",United States,6659377.0,Universal Pictures
The Awakening,R,Horror,"October 31, 1980",United Kingdom,8415112.0,EMI Films
Cheech and Chong's Next Movie,R,Comedy,"July 18, 1980",United States,41675194.0,Universal Pictures
The Island,R,Action,"June 13, 1980",United States,15716828.0,Universal Pictures
The Boogey Man,R,Horror,"November 7, 1980",United States,,The Jerry Gross Organization
The Nude Bomb,PG,Action,"May 9, 1980",United States,14662035.0,Universal Pictures
Lion of the Desert,PG,Biography,"May 16, 1981",Libya,,Falcon International Productions
Stardust Memories,PG,Comedy,"September 26, 1980",United States,10389003.0,Jack Rollins & Charles H. Joffe Productions
Melvin and Howard,R,Comedy,"September 19, 1980",United States,4309490.0,Universal Pictures
Can't Stop the Music,PG,Biography,"June 20, 1980",United States,,EMI Films
Bronco Billy,PG,Action,"June 11, 1980",United States,24265659.0,Warner Bros.
City of Women,R,Comedy,"April 8, 1981",Italy,12516.0,Opera Film Produzione
The Private Eyes,PG,Comedy,"November 21, 1980",United States,,Tri Star Productions
When Time Ran Out...,PG,Action,"March 28, 1980",United States,3763988.0,International Cinema
Oh Heavenly Dog,PG,Comedy,"July 11, 1980",United States,6216067.0,Mulberry Square Productions
The Octagon,R,Action,"August 15, 1980",United States,18971000.0,American Cinema Productions
Hangar 18,PG,Sci-Fi,"March 13, 1981",United States,,Sunn Classic Pictures
Herbie Goes Bananas,G,Adventure,"June 25, 1980",United States,18000000.0,Walt Disney Productions
The Competition,PG,Drama,"December 3, 1980",United States,14287755.0,Rastar Films
It's My Turn,R,Comedy,"February 5, 1981",United States,,Rastar Films
Honeysuckle Rose,PG,Drama,"July 18, 1980",United States,17815212.0,Major Studio Partners
Resurrection,PG,Drama,"September 26, 1980",United States,3910019.0,Universal Pictures
Fatso,PG,Comedy,"February 1, 1980",United States,7653061.0,Brooksfilms
Moscow Does Not Believe in Tears,PG,Comedy,"February 11, 1980",Soviet Union,,Mosfilm
The Fiendish Plot of Dr. Fu Manchu,PG,Comedy,"August 8, 1980",United States,10697276.0,Braun Entertainment Group
Serial,R,Comedy,"March 28, 1980",United States,9870727.0,Paramount Pictures
Hero at Large,PG,Comedy,"February 8, 1980",United States,15934737.0,Kings Road Entertainment
Wholly Moses!,PG,Comedy,"June 13, 1980",United States,14155617.0,Columbia Pictures
"Bon Voyage, Charlie Brown (and Don't Come Back!!)",G,Animation,"May 30, 1980",United States,2013193.0,Lee Mendelson Film Productions
In God We Trust (or Gimme That Prime Time Religion),PG,Comedy,"September 26, 1980",United States,5215015.0,Universal Pictures
Roadie,PG,Comedy,"June 13, 1980",United States,4226370.0,Alive Enterprises
Just Tell Me What You Want,R,Comedy,"January 18, 1980",United States,2086905.0,Warner Bros.
The Last Flight of Noah's Ark,G,Adventure,"June 25, 1980",United States,11000000.0,Walt Disney Productions
Little Miss Marker,PG,Comedy,"March 21, 1980",United States,6321392.0,Universal Pictures
Willie & Phil,R,Comedy,"August 15, 1980",United States,4400000.0,Twentieth Century Fox
Babylon,,Drama,,United Kingdom,109749.0,Diversity Music
Windwalker,PG,Adventure,"November 18, 1983",United States,,Santa Fe International
Phobia,R,Drama,"September 9, 1980",Canada,59167.0,Borough Park Productions
Windows,R,Drama,"January 18, 1980",United States,2128395.0,Mike Lobell Productions
Loving Couples,PG,Comedy,"October 24, 1980",United States,2806659.0,Time Life Films
The King and the Mockingbird,Not Rated,Animation,"March 19, 1980",France,167451.0,Les Films Paul Grimault
"Oh, God! Book II",PG,Comedy,"October 3, 1980",United States,14504277.0,Warner Bros.
"Those Lips, Those Eyes",R,Comedy,"August 15, 1980",United States,804713.0,Herb Jaffe
La Cage aux Folles II,R,Comedy,"February 15, 1981",France,6950125.0,Da.Ma. Cinematografica
The Gong Show Movie,R,Comedy,"May 23, 1980",United States,6621520.0,Chuck Barris Productions
Gilda Live,R,Comedy,"March 28, 1980",United States,2261507.0,Broadway Productions
Why Would I Lie?,PG,Comedy,"August 8, 1980",United States,1175855.0,Metro-Goldwyn-Mayer (MGM)
First Family,R,Comedy,"December 25, 1980",United States,15198912.0,F.F. Associates
Mantis Fist Fighter,,Action,"July 9, 1982",Hong Kong,,East Asia Film Company
Indiana Jones and the Raiders of the Lost Ark,PG,Action,"June 12, 1981",United States,389925971.0,Paramount Pictures
Body Heat,R,Crime,"August 28, 1981",United States,24058838.0,The Ladd Company
An American Werewolf in London,R,Comedy,"August 21, 1981",United Kingdom,30669378.0,Polygram Pictures
Escape from New York,R,Action,"July 10, 1981",United States,25244626.0,AVCO Embassy Pictures
The Evil Dead,NC-17,Horror,"April 15, 1983",United States,2956630.0,Renaissance Pictures
Porky's,R,Comedy,"March 19, 1982",Canada,111289673.0,Astral Bellevue Pathé
Blow Out,R,Crime,"July 24, 1981",United States,12000000.0,Filmways Pictures
Clash of the Titans,PG,Action,"June 12, 1981",United Kingdom,41092328.0,Charles H. Schneer Productions
Excalibur,R,Adventure,"April 10, 1981",United Kingdom,34971136.0,Cinema '84
Mad Max 2,R,Action,"May 21, 1982",Australia,23668369.0,Kennedy Miller Productions
Das Boot,,Adventure,"February 10, 1982",West Germany,11487676.0,Bavaria Film
Stripes,R,Comedy,"June 26, 1981",United States,85297000.0,Columbia Pictures
Possession,R,Drama,"October 28, 1983",France,1113538.0,Gaumont
The Cannonball Run,PG,Action,"June 19, 1981",United States,72179579.0,Golden Harvest Company
Thief,R,Action,"March 27, 1981",United States,11492915.0,Mann/Caan Productions
Endless Love,R,Drama,"July 17, 1981",United States,32492674.0,PolyGram Filmed Entertainment
Time Bandits,PG,Adventure,"November 6, 1981",United Kingdom,42368025.0,HandMade Films
The Four Seasons,PG,Comedy,"May 22, 1981",United States,50427646.0,Universal Pictures
Friday the 13th Part 2,R,Horror,"May 1, 1981",United States,21722776.0,Georgetown Productions Inc.
Scanners,R,Horror,"January 14, 1981",Canada,14225876.0,Canadian Film Development Corporation (CFDC)
For Your Eyes Only,PG,Action,"June 26, 1981",United Kingdom,54813222.0,Eon Productions
Halloween II,R,Horror,"October 30, 1981",United States,25533818.0,Dino De Laurentiis Company
Taps,PG,Drama,"December 25, 1981",United States,35856053.0,Major Studio Partners
Reds,PG,Biography,"December 25, 1981",United States,40382659.0,Barclays Mercantile Industrial Finance
On Golden Pond,PG,Drama,"February 12, 1982",United States,119285432.0,IPC Films
The Fox and the Hound,G,Animation,"July 10, 1981",United States,63456988.0,Walt Disney Animation Studios
Chariots of Fire,PG,Biography,"April 9, 1982",United Kingdom,59303359.0,Enigma Productions
Absence of Malice,PG,Drama,"December 18, 1981",United States,40716963.0,Columbia Pictures
Tarzan the Ape Man,Approved,Adventure,"July 24, 1981",United States,36565280.0,Metro-Goldwyn-Mayer (MGM)
Victory,PG,Drama,"July 31, 1981",United Kingdom,10853418.0,Lorimar Film Entertainment
Arthur,PG,Comedy,"July 17, 1981",United States,95461682.0,Orion Pictures
My Dinner with Andre,PG,Biography,"October 11, 1981",United States,5073.0,Saga Productions Inc.
Caveman,PG,Comedy,"April 17, 1981",United States,15965924.0,Estudios Churubusco Azteca S.A.
Dead & Buried,R,Horror,"October 9, 1981",United States,,Aspen Productions (I)
History of the World: Part I,R,Comedy,"June 12, 1981",United States,31672907.0,Brooksfilms
The Howling,R,Horror,"April 10, 1981",United States,17985893.0,Embassy Pictures
Dragonslayer,PG,Action,"June 26, 1981",United Kingdom,14110013.0,Paramount Pictures
Cutter's Way,R,Crime,"February 10, 1982",United States,1752634.0,Gurian Entertainment
Quest for Fire,R,Adventure,"February 12, 1982",Canada,20962615.0,International Cinema Corporation (ICC)
The Final Conflict,R,Horror,"March 20, 1981",United Kingdom,20471382.0,Twentieth Century Fox
Mommie Dearest,R,Biography,"September 25, 1981",United States,19032261.0,Paramount Pictures
Private Lessons,R,Comedy,"June 10, 1981",United States,26279000.0,Barry & Enright Productions
The Postman Always Rings Twice,R,Crime,"March 20, 1981",West Germany,12376625.0,CIP Filmproduktion GmbH
Ragtime,PG,Drama,"December 25, 1981",United States,14920781.0,Dino De Laurentiis Company
Deadly Blessing,R,Horror,"August 14, 1981",United States,8279042.0,PolyGram Filmed Entertainment
Eyewitness,R,Crime,"February 13, 1981",United States,6400000.0,Twentieth Century Fox
Gallipoli,PG,Adventure,"August 28, 1981",Australia,5732587.0,R&R Films
Outland,R,Action,"May 22, 1981",United Kingdom,17374595.0,The Ladd Company
Southern Comfort,R,Action,"September 25, 1981",United States,,Cinema Group Ventures
S.O.B.,R,Comedy,"July 1, 1981",United States,14867086.0,Artista Management
The Beyond,R,Horror,"November 11, 1983",Italy,123843.0,Fulvia Film
Ghost Story,R,Drama,"December 18, 1981",United States,23371905.0,Universal Pictures
My Bloody Valentine,R,Horror,"February 11, 1981",Canada,5672031.0,Canadian Film Development Corporation (CFDC)
The Funhouse,R,Horror,"March 13, 1981",United States,7886857.0,Universal Pictures
One from the Heart,R,Drama,"February 11, 1982",United States,636796.0,Zoetrope Studios
The French Lieutenant's Woman,R,Drama,"October 16, 1981",United Kingdom,26890068.0,Juniper Films
The Great Muppet Caper,G,Adventure,"June 26, 1981",United Kingdom,31206251.0,Henson Associates (HA)
True Confessions,R,Crime,"September 25, 1981",United States,12850276.0,Chartoff-Winkler Productions
Looker,PG,Drama,"October 30, 1981",United States,,The Ladd Company
Nighthawks,R,Action,"April 10, 1981",United States,19905359.0,Universal Pictures
Nice Dreams,R,Comedy,"June 5, 1981",United States,37000000.0,C & C Brown Production
Sharky's Machine,R,Action,"December 18, 1981",United States,35610100.0,Deliverance Productions
Neighbors,R,Comedy,"December 18, 1981",United States,29916207.0,Columbia Pictures
Puberty Blues,R,Comedy,"December 10, 1981",Australia,237000.0,Limelight Productions (II)
Eye of the Needle,R,Romance,"July 24, 1981",United Kingdom,17583634.0,Kings Road Entertainment
Wolfen,R,Horror,"July 24, 1981",United States,10626725.0,Orion Pictures
Student Bodies,R,Comedy,"August 7, 1981",United States,5165432.0,Allen Smithee Classic Films
Prince of the City,R,Crime,"August 26, 1981",United States,8124257.0,Orion Pictures
The Hand,R,Drama,"April 24, 1981",United States,2447576.0,Orion Pictures
Continental Divide,PG,Comedy,"September 18, 1981",United States,15578237.0,Universal Pictures
Diva,R,Music,"April 23, 1982",France,110014.0,Les Films Galaxie
Venom,R,Horror,"January 29, 1982",United Kingdom,5229643.0,Morison Film Group
Fort Apache the Bronx,R,Crime,"February 6, 1981",United States,29200000.0,Time Life Films
Eyes of a Stranger,R,Horror,"March 27, 1981",United States,1118634.0,Georgetown Productions Inc.
Zorro: The Gay Blade,PG,Action,"July 17, 1981",United States,,Melvin Simon Productions
Under the Rainbow,PG,Comedy,"July 31, 1981",United States,18826490.0,Innovisions
Carbon Copy,PG,Comedy,"September 25, 1981",United States,9566593.0,DeHaven/Shapiro Productions
The Incredible Shrinking Woman,PG,Comedy,"January 30, 1981",United States,20259961.0,Lija Productions
The Night the Lights Went Out in Georgia,PG,Drama,"June 5, 1981",United States,14923752.0,Viacom Enterprises
Quartet,R,Drama,"October 25, 1981",United Kingdom,12042.0,Merchant Ivory Productions
Graduation Day,R,Horror,"May 1, 1981",United States,,Baughn/Freed Productions
Modern Problems,PG,Comedy,"December 25, 1981",United States,26154211.0,Twentieth Century Fox
Pennies from Heaven,R,Drama,"January 1, 1982",United States,9171289.0,Metro-Goldwyn-Mayer (MGM)
American Pop,R,Animation,"February 13, 1981",United States,,Bakshi Productions
The Legend of the Lone Ranger,PG,Action,"May 22, 1981",United States,12617845.0,Eaves Movie Ranch
Sphinx,PG,Adventure,"February 11, 1981",United Kingdom,2022771.0,Orion Pictures
Night School,R,Horror,"September 11, 1981",United States,1169875.0,Lorimar Productions
An Eye for an Eye,R,Action,"August 14, 1981",United States,,Adams Apple Film Company
Zoot Suit,R,Drama,"January 1, 1982",United States,3256082.0,Universal Pictures
Rich and Famous,R,Drama,"October 9, 1981",United States,14492125.0,Jaquet
Buddy Buddy,R,Comedy,"December 11, 1981",United States,7258543.0,Heron Productions
Bustin' Loose,R,Comedy,"May 22, 1981",United States,31261269.0,Universal Pictures
Modern Romance,R,Comedy,"March 13, 1981",United States,2863642.0,Columbia Pictures
Heartbeeps,PG,Comedy,"December 18, 1981",United States,2154696.0,Universal Pictures
Back Roads,R,Adventure,"March 13, 1981",United States,11809387.0,CBS Theatrical Films
Take This Job and Shove It,PG,Comedy,"May 15, 1981",United States,17569027.0,Cinema Group Ventures
Raggedy Man,R,Drama,"September 18, 1981",United States,1976198.0,Universal Pictures
Whose Life Is It Anyway?,R,Comedy,"January 22, 1982",United States,8206145.0,Metro-Goldwyn-Mayer (MGM)
Inchon,PG,Drama,"September 17, 1982",South Korea,5200986.0,One Way Productions
All Night Long,R,Comedy,"March 6, 1981",United States,4454295.0,Universal Pictures
The Pursuit of D.B. Cooper,PG,Adventure,"November 13, 1981",United States,3702028.0,PolyGram Pictures
Rollover,R,Drama,"December 11, 1981",United States,10851261.0,IPC Films
Only When I Laugh,R,Comedy,"September 25, 1981",United States,25524778.0,Columbia Pictures
Honky Tonk Freeway,PG,Action,"August 21, 1981",United States,2004742.0,EMI Films
Paternity,PG,Comedy,"October 2, 1981",United States,18838812.0,Paramount Pictures
King of the Mountain,PG,Action,"May 1, 1981",United States,1791147.0,PolyGram Pictures
Scream,R,Horror,"January 1, 1981",United States,,Calendar International Pictures
The Devil and Max Devlin,PG,Comedy,"March 6, 1981",United States,16000000.0,Walt Disney Productions
The Amateur,R,Crime,"February 12, 1982",Canada,6892098.0,Balkan Productions
Longshot,TV-PG,Comedy,,United States,,Greentree
Comin' at Ya!,R,Western,"July 24, 1981",Italy,12000000.0,Lupo-Anthony-Quintano Productions
Le Pont du Nord,Not Rated,Adventure,"March 24, 1982",France,17110.0,Les Films du Losange
Silence of the North,PG,Drama,"October 23, 1981",Canada,1622898.0,Universal Pictures
Fast Times at Ridgemont High,R,Comedy,"August 13, 1982",United States,27092880.0,Universal Pictures
Blade Runner,R,Action,"June 25, 1982",United States,41676878.0,The Ladd Company
The Thing,R,Horror,"June 25, 1982",United States,19632053.0,Universal Pictures
Conan the Barbarian,R,Action,"May 14, 1982",United States,68851475.0,Universal Pictures
E.T. the Extra-Terrestrial,PG,Family,"June 11, 1982",United States,792910554.0,Universal Pictures
First Blood,R,Action,"October 22, 1982",United States,125212904.0,Anabasis N.V.
An Officer and a Gentleman,R,Drama,"August 13, 1982",United States,129795554.0,Lorimar Film Entertainment
Grease 2,PG,Comedy,"June 11, 1982",United States,15171476.0,Paramount Pictures
Annie,PG,Comedy,"June 18, 1982",United States,57063861.0,Columbia Pictures
Poltergeist,PG,Horror,"June 4, 1982",United States,77142388.0,Metro-Goldwyn-Mayer (MGM)
48 Hrs.,R,Action,"December 8, 1982",United States,78868508.0,Paramount Pictures
Star Trek II: The Wrath of Khan,PG,Action,"June 4, 1982",United States,78912963.0,Paramount Pictures
Paradise,R,Adventure,"May 7, 1982",Canada,5588800.0,Embassy Pictures
The Last American Virgin,R,Comedy,"July 30, 1982",United States,5829781.0,Cannon Group
Sophie's Choice,R,Drama,"March 4, 1983",United Kingdom,30036000.0,Incorporated Television Company (ITC)
Gandhi,PG,Biography,"February 25, 1983",United Kingdom,52767889.0,International Film Investors
Tootsie,PG,Comedy,"December 17, 1982",United States,177200000.0,Columbia Pictures
Tron,PG,Action,"July 9, 1982",United States,33000525.0,Walt Disney Productions
The Secret of NIMH,G,Animation,"July 16, 1982",United States,14665733.0,Aurora
The King of Comedy,PG,Comedy,"February 18, 1983",United States,2536242.0,Embassy International Pictures
Rocky III,PG,Drama,"May 28, 1982",United States,125052686.0,Chartoff-Winkler Productions
The Beastmaster,PG,Action,"August 20, 1982",United States,14056528.0,Leisure Investment Company
Creepshow,R,Comedy,"November 12, 1982",United States,21028755.0,United Film Distribution Company (UFDC)
The Man from Snowy River,PG,Adventure,"November 5, 1982",Australia,20659423.0,Cambridge Productions
Pink Floyd: The Wall,R,Drama,"September 17, 1982",United Kingdom,22265763.0,Goldcrest Films International
Cat People,R,Fantasy,"April 2, 1982",United States,7000000.0,RKO Pictures
Fanny and Alexander,R,Drama,"December 17, 1982",Sweden,6795771.0,Cinematograph AB
Friday the 13th Part III,R,Horror,"August 13, 1982",United States,36690067.0,Paramount Pictures
Firefox,PG,Action,"June 18, 1982",United States,46708276.0,Major Studio Partners
Halloween III: Season of the Witch,R,Horror,"October 22, 1982",United States,14400000.0,Dino De Laurentiis Company
The Dark Crystal,PG,Adventure,"December 17, 1982",United Kingdom,41630431.0,Incorporated Television Company (ITC)
The Verdict,R,Drama,"December 17, 1982",United States,53993738.0,Twentieth Century Fox
Pieces,Not Rated,Horror,"September 23, 1983",Spain,2032311.0,Almena Films
Zapped!,R,Comedy,"September 3, 1982",United States,16897768.0,Embassy Pictures
Six Pack,PG,Comedy,"July 16, 1982",United States,20225989.0,Twentieth Century Fox
The World According to Garp,R,Comedy,"July 23, 1982",United States,29712172.0,Pan Arts
Diner,R,Comedy,"May 21, 1982",United States,14099953.0,Metro-Goldwyn-Mayer (MGM)
The Best Little Whorehouse in Texas,R,Comedy,"July 23, 1982",United States,69701637.0,Universal Pictures
The Year of Living Dangerously,PG,Drama,"February 18, 1983",Australia,10278575.0,Metro-Goldwyn-Mayer (MGM)
Night Shift,R,Comedy,"July 30, 1982",United States,21095638.0,Major Studio Partners
Summer Lovers,R,Comedy,"July 16, 1982",United States,4968000.0,Filmways Pictures
Victor Victoria,PG,Comedy,"March 19, 1982",United Kingdom,28229046.0,Metro-Goldwyn-Mayer (MGM)
The Last Unicorn,G,Animation,"November 19, 1982",United Kingdom,6455330.0,Rankin/Bass Productions
The Entity,R,Drama,"February 4, 1983",United States,13277558.0,American Cinema Productions
Airplane II: the Sequel,PG,Comedy,"December 10, 1982",United States,27150534.0,Paramount Pictures
The Toy,PG,Comedy,"December 10, 1982",United States,47118057.0,Columbia Pictures
The House on Sorority Row,R,Horror,"July 28, 1983",United States,10604986.0,VAE Productions
Evil Under the Sun,PG,Crime,"March 5, 1982",United Kingdom,6110670.0,EMI Films
The Sword and the Sorcerer,R,Action,"April 30, 1982",United States,39103425.0,Sorcerer Productions
Death Wish II,R,Action,"February 19, 1982",United States,16100000.0,Golan-Globus Productions
Silent Rage,R,Action,"April 2, 1982",United States,10490791.0,Columbia Pictures
Megaforce,PG,Action,"June 25, 1982",Hong Kong,5675599.0,Golden Harvest Company
Personal Best,R,Drama,"June 26, 1982",United States,5672311.0,The Geffen Company
Dead Men Don't Wear Plaid,PG,Comedy,"May 21, 1982",United States,18196170.0,Aspen Film Society
Amityville II: The Possession,R,Horror,"September 24, 1982",Mexico,12534817.0,Dino De Laurentiis Company
Missing,PG,Biography,"March 12, 1982",United States,14000000.0,PolyGram Filmed Entertainment
Frances,R,Biography,"March 11, 1983",United States,,Brooksfilms
The Seduction,R,Thriller,"January 29, 1982",United States,11378339.0,The Romantic Venture
Cannery Row,PG,Comedy,"February 12, 1982",United States,5301539.0,Chai Productions
Deathtrap,PG,Comedy,"March 19, 1982",United States,19282134.0,Warner Bros.
Tex,PG,Drama,"July 30, 1982",United States,7400000.0,Walt Disney Productions
Time Walker,PG,Horror,"November 19, 1982",United States,,Byzantine Productions
"I, the Jury",R,Crime,"April 22, 1982",United States,1515578.0,American Cinema Productions
Tempest,PG,Comedy,"September 24, 1982",United States,5005245.0,Columbia Pictures
Young Doctors in Love,R,Comedy,"July 16, 1982",United States,30688860.0,ABC Motion Pictures
My Favorite Year,PG,Comedy,"October 8, 1982",United States,20123620.0,Metro-Goldwyn-Mayer (MGM)
Still of the Night,PG,Crime,"November 19, 1982",United States,5979947.0,United Artists
Parasite,R,Horror,"March 12, 1982",United States,2270.0,Embassy Pictures
Making Love,R,Drama,"March 5, 1982",United States,11897978.0,IndieProd Company Productions
Honkytonk Man,PG,Comedy,"December 15, 1982",United States,4484991.0,The Malpaso Company
The Beast Within,R,Horror,"February 12, 1982",United States,7742572.0,Katzka
"Come Back to the 5 & Dime Jimmy Dean, Jimmy Dean",PG,Comedy,"April 6, 1983",United States,840958.0,Sandcastle 5 Productions
The Final Option,R,Action,"September 16, 1983",Switzerland,2666873.0,Richmond Light Horse Productions
Trail of the Pink Panther,PG,Comedy,"December 17, 1982",United Kingdom,9056073.0,United Artists
The Sender,R,Drama,"October 22, 1982",United Kingdom,1054328.0,Paramount Pictures
The Border,R,Crime,"February 12, 1982",United States,6118683.0,Efer Productions
Kiss Me Goodbye,PG,Comedy,"December 22, 1982",United States,15782759.0,Twentieth Century Fox
A Midsummer Night's Sex Comedy,PG,Comedy,"July 16, 1982",United States,9077269.0,Jack Rollins & Charles H. Joffe Productions
Vice Squad,R,Action,"January 22, 1982",United Kingdom,13253583.0,AVCO Embassy Pictures
Best Friends,PG,Comedy,"December 17, 1982",United States,36821203.0,Warner Bros.
Shoot the Moon,R,Drama,"February 19, 1982",United States,9217530.0,Metro-Goldwyn-Mayer (MGM)
Lookin' to Get Out,R,Comedy,"June 30, 1983",United States,946461.0,Lorimar Productions
Barbarosa,PG,Western,"February 19, 1982",United States,1736123.0,Incorporated Television Company (ITC)
Visiting Hours,R,Horror,"May 28, 1982",Canada,13258670.0,Canadian Film Development Corporation (CFDC)
A Little Sex,R,Comedy,"April 2, 1982",United States,2370376.0,Company Four
Class Reunion,R,Comedy,"October 29, 1982",United States,10054150.0,ABC Motion Pictures
Hanky Panky,PG,Action,"June 4, 1982",United States,9823934.0,Columbia Pictures
Author! Author!,PG,Comedy,"June 18, 1982",United States,13111101.0,Twentieth Century Fox
Split Image,R,Drama,"October 3, 1982",Canada,263635.0,PolyGram Filmed Entertainment
The Challenge,R,Action,"July 23, 1982",United States,2977706.0,CBS Theatrical Films
The Soldier,R,Action,"August 27, 1982",United States,6328816.0,James Glickenhaus
Wrong Is Right,R,Comedy,"May 14, 1982",United States,3583513.0,Columbia Pictures
Six Weeks,PG,Drama,"December 17, 1982",United States,6668025.0,PolyGram Pictures
The State of Things,,Drama,"February 18, 1983",West Germany,3700.0,Gray City
Jekyll and Hyde... Together Again,R,Sci-Fi,"October 1, 1982",United States,3792188.0,Paramount Pictures
Forced Vengeance,R,Action,"July 30, 1982",United States,6660333.0,Metro-Goldwyn-Mayer (MGM)
The Missionary,R,Comedy,"November 5, 1982",United Kingdom,7241180.0,HandMade Films
The Escape Artist,PG,Comedy,"May 28, 1982",United States,143369.0,Zoetrope Studios
Night Crossing,PG,Drama,"February 5, 1982",United Kingdom,8000000.0,Walt Disney Productions
Endangered Species,R,Drama,"September 10, 1982",United States,1474249.0,Alive Enterprises
Things Are Tough All Over,R,Action,"August 4, 1982",United States,21134374.0,C & C Brown Production
Homework,R,Comedy,"August 27, 1982",United States,2914328.0,Jensen Farley Pictures
Jinxed!,R,Comedy,"October 22, 1982",United States,2869638.0,Herb Jaffe
The Return of Martin Guerre,Not Rated,Biography,"August 26, 1983",France,3723036.0,S.F.P.C.
They Call Me Bruce,PG,Action,"November 12, 1982",United States,16894678.0,Gold Pine Productions
Some Kind of Hero,R,Comedy,"April 2, 1982",United States,23671186.0,Paramount Pictures
Hammett,PG,Crime,"September 17, 1982",United States,42914.0,Orion Pictures
Five Days One Summer,PG,Drama,,United States,199078.0,Cable and Wireless Finance
Penitentiary II,R,Crime,"April 2, 1982",United States,3178542.0,Bob-Bea Productions
If You Could See What I Hear,PG,Biography,"April 23, 1982",Canada,8693512.0,Cypress Grove
Partners,R,Comedy,"April 30, 1982",United States,6062898.0,Paramount Pictures
Richard Pryor: Live on the Sunset Strip,R,Comedy,"March 12, 1982",United States,36299720.0,Columbia Pictures
Bugs Bunny's 3rd Movie: 1001 Rabbit Tales,G,Animation,"November 19, 1982",United States,78350.0,Warner Bros. Animation
Monsignor,R,Crime,"October 22, 1982",United States,12408066.0,Frank Yablans Presentations
"Yes, Giorgio",PG,Comedy,"September 24, 1982",United States,2279543.0,Metro-Goldwyn-Mayer (MGM)
I Ought to Be in Pictures,PG,Comedy,"March 26, 1982",United States,6968359.0,Twentieth Century Fox
La traviata,G,Drama,"February 18, 1983",Netherlands,3783329.0,Accent Films B.V.
Fighting Back,R,Action,"May 21, 1982",United States,3355948.0,Permut Presentations
Kamikaze 89,Not Rated,Sci-Fi,"July 16, 1982",West Germany,22440.0,Regina Ziegler Filmproduktion
The Wizard of Oz,Not Rated,Animation,"October 6, 1982",United States,,Alan Enterprises
Heidi's Song,G,Animation,"November 19, 1982",United States,5124391.0,Hanna-Barbera Productions
Love Child,R,Crime,"October 15, 1982",United States,,The Ladd Company
Boardinghouse,R,Comedy,"October 21, 1983",United States,,Blustarr
Experience Preferred... But Not Essential,PG,Drama,"December 22, 1982",United Kingdom,,Channel Four Film
The Personals,PG,Comedy,,United States,,Blueline Productions
Lonely Hearts,R,Comedy,"October 21, 1982",Australia,777087.0,Adam Packer Film Productions
Scarface,R,Crime,"December 9, 1983",United States,65884703.0,Universal Pictures
The Outsiders,PG,Crime,"March 25, 1983",United States,25697647.0,Zoetrope Studios
Star Wars: Episode VI - Return of the Jedi,PG,Action,"May 25, 1983",United States,475106177.0,Lucasfilm
Risky Business,R,Comedy,"August 5, 1983",United States,63541777.0,The Geffen Company
National Lampoon's Vacation,R,Adventure,"July 29, 1983",United States,61399552.0,National Lampoon
Trading Places,R,Comedy,"June 8, 1983",United States,90404800.0,Cinema Group Ventures
Superman III,PG,Action,"June 17, 1983",France,59950623.0,Dovemead Films
The Big Chill,R,Comedy,"September 30, 1983",United States,56399659.0,Columbia Pictures
Staying Alive,PG,Drama,"July 15, 1983",United States,64892670.0,Paramount Pictures
Jaws 3-D,PG,Adventure,"July 22, 1983",United States,87987055.0,Universal Pictures
Christine,R,Horror,"December 9, 1983",United States,21017849.0,Columbia Pictures
Sleepaway Camp,R,Horror,"November 18, 1983",United States,,American Eagle Films
Flashdance,R,Drama,"April 15, 1983",United States,92921203.0,Paramount Pictures
WarGames,PG,Action,"June 3, 1983",United States,79567667.0,United Artists
The Right Stuff,PG,Adventure,"February 17, 1984",United States,21192315.0,The Ladd Company
Krull,PG,Action,"July 29, 1983",United Kingdom,16916617.0,Columbia Pictures
Spring Break,R,Comedy,"March 25, 1983",United States,24071666.0,Columbia Pictures
The Dead Zone,R,Drama,"October 21, 1983",United States,20766616.0,Dino De Laurentiis Company
Octopussy,PG,Action,"June 10, 1983",United Kingdom,67893619.0,United Artists
Private School,R,Comedy,"July 29, 1983",United States,14049540.0,Unity Productions
Valley Girl,R,Comedy,"April 29, 1983",United States,17343596.0,Atlantic Entertainment Group
Rumble Fish,R,Crime,"October 21, 1983",United States,2494480.0,Zoetrope Studios
Videodrome,R,Horror,"February 4, 1983",Canada,2120439.0,Filmplan International
Terms of Endearment,PG,Comedy,"December 9, 1983",United States,108423749.0,Paramount Pictures
Twilight Zone: The Movie,PG,Horror,"June 24, 1983",United States,29450919.0,Amblin Entertainment
Never Say Never Again,PG,Action,"October 7, 1983",United Kingdom,55432841.0,TaliaFilm II Productions
A Christmas Story,PG,Comedy,"November 18, 1983",United States,20653717.0,Metro-Goldwyn-Mayer (MGM)
Cujo,R,Horror,"August 12, 1983",United States,21156152.0,Sunn Classic Pictures
Sudden Impact,R,Action,"December 9, 1983",United States,67642693.0,Warner Bros.
The Hunger,R,Drama,"April 29, 1983",United Kingdom,5988322.0,Metro-Goldwyn-Mayer (MGM)
Mr. Mom,PG,Comedy,"August 19, 1983",United States,64783827.0,Sherwood Productions
Blue Thunder,R,Action,"May 13, 1983",United States,42313354.0,Columbia Pictures
Breathless,R,Action,"May 13, 1983",United States,19910002.0,Breathless Associates
Psycho II,R,Crime,"June 3, 1983",United States,34725000.0,Universal Pictures
Local Hero,PG,Comedy,"March 17, 1983",United Kingdom,5899678.0,Enigma Productions
Bad Boys,R,Crime,"March 25, 1983",United States,9190819.0,EMI Films
Silkwood,R,Biography,"January 27, 1984",United States,35615609.0,ABC Motion Pictures
All the Right Moves,R,Drama,"October 21, 1983",United States,17233166.0,Lucille Ball Productions
The Keep,R,Drama,"December 16, 1983",United Kingdom,4218594.0,Paramount Pictures
My Tutor,R,Comedy,"April 22, 1983",United States,22587834.0,Marimark Productions
Yentl,PG,Drama,"January 6, 1984",United Kingdom,40218899.0,Ladbroke
Fire and Ice,PG,Animation,"August 26, 1983",United States,760883.0,Polyc International BV
Eddie and the Cruisers,PG,Drama,"September 23, 1983",United States,4786789.0,Aurora
Yellowbeard,PG,Action,"June 24, 1983",United Kingdom,4300000.0,Seagoat Films
The Meaning of Life,R,Comedy,"March 31, 1983",United Kingdom,14949697.0,Celandine Films
Nostalghia,Not Rated,Drama,,Italy,55269.0,Rai 2
Hot Dog... The Movie,R,Comedy,"January 13, 1984",United States,20307325.0,Edward S. Feldman Productions
Smokey and the Bandit Part 3,PG,Action,"August 12, 1983",United States,5678950.0,Universal Pictures
Deathstalker,R,Action,"September 16, 1983",United States,11919250.0,Aries Cinematográfica Argentina
Porky's II: The Next Day,R,Comedy,"June 24, 1983",Canada,33759266.0,Astral Bellevue Pathé
Something Wicked This Way Comes,PG,Fantasy,"April 29, 1983",United States,8400000.0,Walt Disney Productions
Tender Mercies,PG,Drama,"March 4, 1983",United States,8443124.0,Antron Media Production
Star 80,R,Biography,"February 3, 1984",United States,6472990.0,The Ladd Company
Gorky Park,R,Crime,"December 16, 1983",United States,15856028.0,Eagle Associates.
Lone Wolf McQuade,PG,Action,"April 15, 1983",United States,12232628.0,1818 Productions
Easy Money,R,Comedy,"August 19, 1983",United States,29309766.0,Easy Money Associates
Merry Christmas Mr. Lawrence,R,Drama,"September 2, 1983",United Kingdom,2306560.0,National Film Trustee Company
Losin' It,R,Comedy,"April 22, 1983",Canada,1246141.0,Tiberius Film Productions
Screwballs,R,Comedy,"April 1, 1983",Canada,2082215.0,Millenium
Brainstorm,PG,Sci-Fi,"September 30, 1983",United States,10219460.0,JF Productions
The Man with Two Brains,R,Comedy,"June 3, 1983",United States,10353438.0,Aspen Film Society
Angel,R,Action,"January 13, 1984",United States,17488564.0,Adams Apple Film Company
10 to Midnight,R,Crime,"March 11, 1983",United States,7175592.0,Cannon Films
Uncommon Valor,R,Action,"December 16, 1983",United States,30503151.0,Paramount Pictures
Doctor Detroit,R,Comedy,"May 6, 1983",United States,10375893.0,Black Rhino Productions
Mortuary,R,Horror,"September 2, 1983",United States,4319001.0,Hickmar Productions
Stroker Ace,PG,Action,"July 1, 1983",United States,13000000.0,Universal Pictures
Sahara,PG,Adventure,"March 2, 1984",United Kingdom,1402962.0,Cabal Film
Two of a Kind,PG,Comedy,"December 16, 1983",United States,23646952.0,Twentieth Century Fox
Chained Heat,R,Action,"May 27, 1983",United States,6149983.0,Heat GBR
Spacehunter: Adventures in the Forbidden Zone,PG,Action,"May 20, 1983",United States,16478265.0,Columbia Pictures
High Road to China,PG,Adventure,"March 18, 1983",United States,28445927.0,City Films
Never Cry Wolf,PG,Adventure,"January 27, 1984",United States,29600000.0,Walt Disney Pictures
The Pirates of Penzance,G,Comedy,"February 18, 1983",United Kingdom,694497.0,Universal Pictures
Rock & Rule,PG,Animation,"July 24, 1987",Canada,30379.0,Nelvana
Hercules,PG,Adventure,"August 26, 1983",Italy,10676194.0,Cannon Films Inc.
Educating Rita,PG,Comedy,"October 28, 1983",United Kingdom,14648076.0,Acorn Pictures
A Night in Heaven,R,Drama,"November 18, 1983",United States,5563663.0,
Under Fire,R,Drama,"October 21, 1983",United States,5696391.0,Cinema '84
Amityville 3-D,PG,Horror,"November 18, 1983",Mexico,6333135.0,De Laurentiis Entertainment Group (DEG)
Testament,PG,Drama,"January 5, 1984",United States,2044892.0,Paramount Pictures
The Osterman Weekend,R,Action,"November 4, 1983",United States,6486797.0,Osterman Weekend Associates
Revenge of the Ninja,R,Action,"September 16, 1983",United States,13168027.0,Cannon Films
Zelig,PG,Comedy,"August 25, 1983",United States,11798616.0,Jack Rollins & Charles H. Joffe Productions
Independence Day,R,Drama,"September 9, 1983",United States,,Warner Bros.
Escape from the Bronx,R,Action,"January 18, 1985",Italy,,Fulvia Film
To Be or Not to Be,PG,Comedy,"December 16, 1983",United States,13030214.0,Brooksfilms
Eureka,R,Drama,"May 20, 1983",United Kingdom,123572.0,Recorded Picture Company (RPC)
The Wicked Lady,R,Adventure,"October 28, 1983",United Kingdom,724912.0,Golan-Globus Productions
Still Smokin,R,Comedy,"May 6, 1983",United States,15543710.0,Paramount Pictures
"Yor, the Hunter from the Future",PG,Action,"August 19, 1983",Italy,2810199.0,Diamant Film
Of Unknown Origin,R,Horror,"November 24, 1983",Canada,1080470.0,Warner Bros.
Curse of the Pink Panther,PG,Comedy,"August 12, 1983",United Kingdom,4491986.0,United Artists
D.C. Cab,R,Action,"December 16, 1983",United States,16134627.0,RKO Pictures
Beyond the Limit,R,Drama,"September 30, 1983",United Kingdom,5997566.0,World Film Services
The Survivors,R,Comedy,"June 22, 1983",United States,14000000.0,Rastar Films
The Lonely Lady,R,Drama,"September 30, 1983",United States,1223200.0,Harold Robbins International Company
The Star Chamber,R,Crime,"August 5, 1983",United States,5555305.0,Twentieth Century Fox
The Dresser,PG,Drama,"December 6, 1983",United Kingdom,5310748.0,Columbia Pictures
The Lords of Discipline,R,Thriller,"February 18, 1983",United States,11787127.0,Paramount Pictures
Cross Creek,PG,Biography,"October 27, 1983",United States,,Thorn EMI Screen Entertainment
The Man Who Loved Women,R,Comedy,"December 16, 1983",United States,10964740.0,Delphi Films
Nightmares,R,Horror,"September 9, 1983",United States,6670680.0,Universal Pictures
Deal of the Century,PG,Comedy,"November 4, 1983",United States,10369581.0,Warner Bros.
Eddie Macon's Run,PG,Action,"March 25, 1983",United States,1262691.0,Universal Pictures
Max Dugan Returns,PG,Comedy,"March 25, 1983",United States,17613720.0,Twentieth Century Fox
The Sting II,PG,Comedy,"February 18, 1983",United States,6347072.0,Universal Pictures
Baby It's You,R,Comedy,"March 4, 1983",United States,1867792.0,Double Play
Heat and Dust,R,Drama,,United Kingdom,1772889.0,Merchant Ivory Productions
Going Berserk,R,Comedy,"September 30, 1983",Canada,,Les Productions Mutuelles Ltée
Daniel,R,Drama,"February 10, 1984",United Kingdom,687475.0,Paramount Pictures
Heart Like a Wheel,PG,Biography,"April 1, 1983",United States,272278.0,Aurora
Love Letters,R,Drama,"April 27, 1984",United States,5269990.0,Millenium
Get Crazy,R,Comedy,"August 5, 1983",United States,1645711.0,D & P Productions
Nate and Hayes,PG,Action,"November 18, 1983",New Zealand,1963756.0,Phillips Whitehouse Productions
Strange Invaders,PG,Horror,"September 16, 1983",United States,1362303.0,EMI Films
The Black Stallion Returns,PG,Adventure,"March 25, 1983",United States,12049514.0,Zoetrope Studios
Metalstorm: the Destruction of Jared-Syn,PG,Action,"August 19, 1983",United States,5301085.0,Albert Band International Productions Inc.
Getting It on,R,Comedy,,United States,975414.0,Seventh Avenue Films
Lianna,R,Drama,"September 8, 1983",United States,1530839.0,Winwood Productions
Better Late Than Never,PG,Comedy,"April 15, 1983",United Kingdom,,Golden Harvest Company
Lovesick,PG,Comedy,"February 18, 1983",United States,10171304.0,The Ladd Company
Running Brave,PG,Biography,"November 4, 1983",Canada,3000000.0,Englander Productions
Exposed,R,Drama,"April 22, 1983",United States,1818910.0,United Artists
Trenchcoat,PG,Comedy,"March 11, 1983",United States,4304286.0,Walt Disney Productions
Stryker,R,Action,"September 2, 1983",Philippines,1723487.0,Cinema Vehicle Services
The Man Who Wasn't There,R,Action,"August 12, 1983",United States,2443487.0,Paramount Pictures
Table for Five,PG,Drama,"March 10, 1983",United States,2439705.0,CBS Theatrical Films
Romantic Comedy,PG,Comedy,"October 7, 1983",United States,6857733.0,Metrocolor
Young Warriors,R,Action,"August 28, 1983",United States,,Star Cinema
"Man, Woman and Child",PG,Drama,"September 7, 1983",United States,2314561.0,Gaylord Productions
Hanna K.,R,Drama,"September 7, 1983",Israel,,K.G. Productions
Slayground,R,Crime,,United Kingdom,108128.0,Jennie and Company
White Star,,Drama,"March 8, 1985",West Germany,,
Richard Pryor... Here and Now,R,Comedy,"October 28, 1983",United States,16156776.0,Columbia Pictures
Deadly Force,R,Action,"July 15, 1983",United States,,Force Productions
My Brother's Wedding,Not Rated,Drama,,United States,26177.0,Charles Burnett Productions
Blue Skies Again,PG,Comedy,"April 29, 1983",United States,,Lantana
Last Plane Out,PG,Action,"September 23, 1983",United States,,
Cross Country,R,Thriller,"November 18, 1983",Canada,,Filmline Productions
A Polish Vampire in Burbank,Not Rated,Comedy,"October 31, 1983",United States,,Pirromount Pictures
Forever Young,Not Rated,Drama,"January 29, 1986",United Kingdom,,Channel Four Films
The Golden Seal,PG,Drama,"August 19, 1983",United States,6666725.0,The Samuel Goldwyn Company
The Business of Show Business,,History,"February 15, 1983",Canada,,CTV
The Terminator,R,Action,"October 26, 1984",United Kingdom,78371200.0,Cinema '84
Dune,PG-13,Action,"December 14, 1984",United States,30925690.0,Dino De Laurentiis Company
Ghostbusters,PG,Action,"June 8, 1984",United States,296187079.0,Columbia Pictures
The Karate Kid,PG,Action,"June 22, 1984",United States,91119319.0,Columbia Pictures
Once Upon a Time in America,R,Crime,"June 1, 1984",Italy,5473212.0,The Ladd Company
Police Academy,R,Comedy,"March 23, 1984",United States,81198894.0,The Ladd Company
Indiana Jones and the Temple of Doom,PG,Action,"May 23, 1984",United States,333107271.0,Paramount Pictures
Body Double,R,Crime,"October 26, 1984",United States,8801940.0,Columbia Pictures
A Nightmare on Elm Street,R,Horror,"November 16, 1984",United States,25507137.0,New Line Cinema
Amadeus,PG,Biography,"September 19, 1984",United States,52066791.0,AMLF
Beverly Hills Cop,R,Action,"December 5, 1984",United States,316360478.0,Paramount Pictures
Red Dawn,PG-13,Action,"August 10, 1984",United States,38376497.0,United Artists
The NeverEnding Story,PG,Adventure,"July 20, 1984",West Germany,20251411.0,Constantin Film
Footloose,PG,Drama,"February 17, 1984",United States,80039064.0,Paramount Pictures
Revenge of the Nerds,R,Comedy,"August 10, 1984",United States,40874452.0,Twentieth Century Fox
Gremlins,PG,Comedy,"June 8, 1984",United States,153633143.0,Warner Bros.
Romancing the Stone,PG,Action,"March 30, 1984",Mexico,86572238.0,Twentieth Century Fox
Streets of Fire,PG,Action,"June 1, 1984",United States,8089290.0,Universal Pictures
Sixteen Candles,PG,Comedy,"May 4, 1984",United States,23686027.0,Universal Pictures
"Paris, Texas",R,Drama,"August 23, 1984",West Germany,2207548.0,Road Movies Filmproduktion
This Is Spinal Tap,R,Comedy,"March 2, 1984",United States,4736202.0,Spinal Tap Prod.
1984,R,Drama,"March 22, 1985",United Kingdom,8430492.0,Virgin
Top Secret!,PG,Comedy,"June 8, 1984",United Kingdom,20458340.0,Kingsmere Properties
Conan the Destroyer,PG,Action,"June 29, 1984",United States,31042035.0,Dino De Laurentiis Company
Children of the Corn,R,Horror,"March 9, 1984",United States,14568989.0,Hal Roach Studios
The Last Starfighter,PG,Action,"July 13, 1984",United States,28733290.0,Lorimar Film Entertainment
Splash,PG,Comedy,"March 9, 1984",United States,69821334.0,Touchstone Pictures
Blood Simple,R,Crime,"January 18, 1985",United States,4228292.0,River Road Productions
The Natural,PG,Drama,"May 11, 1984",United States,47951979.0,TriStar Pictures
Bachelor Party,R,Comedy,"June 29, 1984",United States,38435947.0,Bachelor Party Productions
Nausicaä of the Valley of the Wind,,Animation,"November 25, 1987",Japan,8736506.0,Nibariki
Friday the 13th: the Final Chapter,R,Horror,"April 13, 1984",United States,32980880.0,Paramount Pictures
Hardbodies,R,Comedy,"May 4, 1984",United States,7121719.0,Chroma III Productions
Against All Odds,R,Action,"March 2, 1984",United States,21689062.0,Columbia Pictures
Supergirl,PG,Action,"November 21, 1984",United Kingdom,14296438.0,Artistry Limited
The Bounty,PG,Adventure,"May 4, 1984",United Kingdom,8613462.0,Dino De Laurentiis Company
Firestarter,R,Action,"May 11, 1984",United States,17080167.0,Dino De Laurentiis Company
C.H.U.D.,R,Horror,"August 31, 1984",United States,4654423.0,C.H.U.D. Productions
The Woman in Red,PG-13,Comedy,"August 15, 1984",United States,25348610.0,Orion Pictures
Runaway,PG-13,Action,"December 14, 1984",United States,6770587.0,TriStar Pictures
The Adventures of Buckaroo Banzai Across the 8th Dimension,PG,Adventure,"October 5, 1984",United States,6254148.0,Sherwood Productions
Star Trek III: The Search for Spock,PG,Action,"June 1, 1984",United States,76471046.0,Paramount Pictures
Repo Man,R,Action,"March 2, 1984",United States,129000.0,Edge City Productions
2010: the Year We Make Contact,PG,Adventure,"December 7, 1984",United States,40400657.0,Metro-Goldwyn-Mayer (MGM)
The Killing Fields,R,Biography,"February 1, 1985",United Kingdom,34700291.0,Goldcrest Films International
The Cotton Club,R,Crime,"December 14, 1984",United States,25928721.0,Zoetrope Studios
Starman,PG,Romance,"December 14, 1984",United States,28744356.0,Columbia Pictures
Night of the Comet,PG-13,Comedy,"November 16, 1984",United States,14418922.0,Atlantic Entertainment Group
Blame It on Rio,R,Comedy,"February 17, 1984",United States,18644570.0,Sherwood Productions
Dreamscape,PG-13,Action,"August 17, 1984",United States,12145169.0,Zupnik-Curtis Enterprises
Crimes of Passion,R,Drama,"October 19, 1984",United States,2912945.0,New World Pictures
The Philadelphia Experiment,PG,Adventure,"August 3, 1984",United States,8103330.0,New World Pictures
Places in the Heart,PG,Drama,"October 5, 1984",United States,34901614.0,Delphi II Productions
Bolero,R,Comedy,"August 31, 1984",United States,8914881.0,City Films
Cannonball Run II,PG,Action,"June 29, 1984",Hong Kong,28078073.0,Arcafin B.V.
Stranger Than Paradise,R,Comedy,"October 4, 1984",United States,2436000.0,Cinesthesia Productions
The Ice Pirates,PG,Action,"March 16, 1984",United States,14255801.0,Metro-Goldwyn-Mayer (MGM)
A Passage to India,PG,Adventure,"February 1, 1985",United Kingdom,27201487.0,EMI Films
Purple Rain,R,Drama,"July 27, 1984",United States,70263155.0,Warner Bros.
The Hotel New Hampshire,R,Comedy,"March 9, 1984",United Kingdom,5142858.0,Filmline Productions
The Hit,R,Crime,"March 8, 1985",United Kingdom,876775.0,Zenith Entertainment
Sheena,PG,Adventure,"August 17, 1984",United Kingdom,5778353.0,Colgems Productions Ltd.
Missing in Action,R,Action,"November 16, 1984",United States,22812411.0,The Cannon Group
"Greystoke: The Legend of Tarzan, Lord of the Apes",PG,Adventure,"March 30, 1984",United Kingdom,45858563.0,Warner Bros.
The Muppets Take Manhattan,G,Adventure,"July 13, 1984",United States,25534703.0,Henson Associates (HA)
The Wild Life,R,Comedy,"September 28, 1984",United States,11020375.0,Universal Pictures
Falling in Love,PG-13,Drama,"November 21, 1984",United States,11129057.0,Paramount Pictures
Gwendoline,R,Action,"January 25, 1985",France,1337274.0,Films de L'Alma
Breakin',PG,Comedy,"May 4, 1984",United States,38682707.0,Golan-Globus Productions
Birdy,R,Drama,"December 21, 1984",United States,1455045.0,A&M Films
The Company of Wolves,R,Drama,"April 19, 1985",United Kingdom,4389334.0,Incorporated Television Company (ITC)
Ghoulies,PG-13,Comedy,"January 18, 1985",United States,,Empire Pictures
Electric Dreams,PG,Comedy,"July 20, 1984",United States,2193612.0,Virgin
Cloak & Dagger,PG,Action,"August 10, 1984",United States,,Universal Pictures
Racing with the Moon,PG,Comedy,"March 23, 1984",United States,6045647.0,Jaffe-Lansing
"Silent Night, Deadly Night",R,Horror,"November 9, 1984",United States,2491460.0,TriStar Pictures
The Pope of Greenwich Village,R,Action,"June 22, 1984",United States,6836201.0,United Artists
All of Me,PG,Comedy,"September 21, 1984",United States,36403064.0,Kings Road Entertainment
"Grandview, U.S.A.",R,Drama,"August 3, 1984",United States,4743119.0,CBS Theatrical Films
Where the Boys Are,R,Comedy,"April 6, 1984",United Kingdom,10530000.0,Incorporated Television Company (ITC)
Reckless,R,Comedy,"February 3, 1984",United States,8289916.0,Edgar J. Scherick Associates
Tightrope,R,Crime,"August 17, 1984",United States,48143579.0,The Malpaso Company
Rhinestone,PG,Comedy,"June 22, 1984",United States,21435321.0,Twentieth Century Fox
The Flamingo Kid,PG-13,Comedy,"December 21, 1984",United States,23859382.0,ABC Motion Pictures
Up the Creek,R,Comedy,"April 6, 1984",United States,11708269.0,Orion Pictures
Swing Shift,PG,Drama,"April 13, 1984",United States,6650206.0,Warner Bros.
Beat Street,PG,Drama,"June 8, 1984",United States,16595791.0,Orion Pictures
Joy of Sex,R,Comedy,"August 3, 1984",United States,4463841.0,Paramount Pictures
Breakin' 2: Electric Boogaloo,PG,Comedy,"December 21, 1984",United States,15101131.0,TriStar Pictures
The Razor's Edge,PG-13,Drama,"October 19, 1984",United Kingdom,6551987.0,Columbia Pictures
Tank,PG,Action,"March 16, 1984",United States,11302884.0,Lorimar Film Entertainment
Moscow on the Hudson,R,Comedy,"April 6, 1984",United States,25068724.0,Bavaria Film
Ninja III: The Domination,R,Action,"September 14, 1984",United States,7610785.0,Golan-Globus Productions
The Warrior and the Sorceress,R,Adventure,"September 7, 1984",United States,2886225.0,Aries Cinematográfica Argentina
The Evil That Men Do,R,Action,"September 21, 1984",Mexico,13102025.0,Capricorn
Firstborn,R,Drama,"October 26, 1984",United States,6250994.0,Paramount Pictures
Cut and Run,R,Adventure,"May 2, 1986",Italy,,Racing Pictures
Teachers,R,Comedy,"October 5, 1984",United States,27774237.0,United Artists
Repentance,PG,Drama,"May 18, 1987",Soviet Union,,Georgian-Film
The River,PG-13,Drama,"January 11, 1985",United States,11489982.0,Universal Pictures
Razorback,R,Horror,"November 16, 1984",Australia,150463.0,UAA Films
A Soldier's Story,PG,Crime,"November 2, 1984",United States,21821347.0,Columbia Pictures
Comfort and Joy,PG,Comedy,"October 10, 1984",United Kingdom,1057368.0,Lake (Comfort and Joy)
Meatballs Part II,PG,Comedy,"July 27, 1984",United States,5410972.0,TriStar Pictures
Lassiter,R,Action,"February 17, 1984",United States,17513452.0,Golden Harvest Company
Irreconcilable Differences,PG,Comedy,"September 28, 1984",United States,12414210.0,Hemdale
City Heat,PG,Action,"December 7, 1984",United States,38348988.0,Warner Bros.
Under the Volcano,R,Drama,"June 13, 1984",Mexico,2556800.0,Conacite Uno
Iceman,PG,Drama,"April 13, 1984",United States,7343032.0,Universal Pictures
Flashpoint,R,Action,"August 31, 1984",United States,3854833.0,HBO Pictures
The Little Drummer Girl,R,Drama,"October 19, 1984",United States,7828841.0,Bavaria Film
Lust in the Dust,R,Comedy,"March 1, 1985",United States,727639.0,Fox Run Productions Inc.
Hot Moves,R,Comedy,"October 4, 1984",United States,2732684.0,Spectrum Cinema Productions
Oxford Blues,PG-13,Comedy,"August 24, 1984",United Kingdom,8793152.0,Baltic Industrial Finance
Thief of Hearts,Not Rated,Crime,"October 19, 1984",United States,10435015.0,Don Simpson/Jerry Bruckheimer Films
The Brother from Another Planet,R,Comedy,"September 14, 1984",United States,3677209.0,Anarchist's Convention Films
No Small Affair,R,Comedy,"November 9, 1984",United States,4994094.0,Delphi II Productions
Broadway Danny Rose,PG,Comedy,"January 27, 1984",United States,10600497.0,Orion Pictures
Best Defense,R,Comedy,"July 20, 1984",United States,19265302.0,Cinema Group Ventures
Micki + Maude,PG-13,Comedy,"December 21, 1984",United States,26080861.0,BBE
Protocol,PG,Comedy,"December 21, 1984",United States,26186631.0,Hawn / Sylbert Movie Company
Exterminator 2,R,Action,"September 14, 1984",United States,3739406.0,The Cannon Group
American Dreamer,PG,Comedy,"October 26, 1984",United States,5021751.0,CBS Theatrical Films
The Lonely Guy,R,Comedy,"January 27, 1984",United States,5718573.0,Universal Pictures
Choose Me,R,Comedy,"August 29, 1984",United States,2490233.0,Tartan Productions
Making the Grade,R,Comedy,"May 18, 1984",United States,4561346.0,The Cannon Group
Full Moon in Paris,R,Comedy,"August 29, 1984",France,15726.0,Les Films du Losange
Unfaithfully Yours,PG,Comedy,"February 10, 1984",United States,19928200.0,Twentieth Century Fox
Impulse,R,Horror,"September 28, 1984",United States,2773433.0,ABC Motion Pictures
Mrs. Soffel,PG-13,Drama,"February 8, 1985",United States,4385312.0,Edgar J. Scherick Associates
Garbo Talks,PG-13,Comedy,"October 12, 1984",United States,1493782.0,United Artists
Country,PG,Drama,"September 29, 1984",United States,9640000.0,Far West
Cheech & Chong's the Corsican Brothers,PG,Comedy,"July 27, 1984",United States,3772785.0,Orion Pictures
Purple Hearts,R,Drama,"August 31, 1984",United States,2075282.0,The Ladd Company
Give My Regards to Broad Street,PG,Drama,"October 23, 1984",United Kingdom,1393501.0,MPL Communications
Songwriter,R,Drama,"October 14, 1984",United States,865915.0,TriStar Pictures
Finders Keepers,R,Comedy,"May 18, 1984",United States,1467396.0,CBS Theatrical Films
The Bostonians,Not Rated,Drama,"October 5, 1984",United Kingdom,1009700.0,Merchant Ivory Productions
Body Rock,PG-13,Drama,"September 28, 1984",United States,1689501.0,New World Pictures
The River Rat,PG,Adventure,"September 28, 1984",United States,1142944.0,Cinema Group Ventures
Just the Way You Are,PG,Comedy,"November 16, 1984",United States,7889694.0,Metro-Goldwyn-Mayer (MGM)
Until September,R,Drama,"September 21, 1984",United States,4239154.0,United Artists
Crackers,PG,Adventure,"February 17, 1984",United States,129268.0,Universal Pictures
Kaos,R,Comedy,"February 14, 1986",Italy,,Filmtre
Misunderstood,PG,Drama,"March 30, 1984",Italy,1525532.0,ACCENT Films
Mike's Murder,R,Drama,"March 9, 1984",United States,1059966.0,Skyewiay
The Buddy System,PG,Drama,"January 20, 1984",United States,1820049.0,Twentieth Century Fox
A Private Function,R,Comedy,"March 1, 1985",United Kingdom,2527088.0,HandMade Films
Scandalous,PG,Comedy,"January 20, 1984",United Kingdom,526805.0,Angeles Cinema Investors
"Oh, God! You Devil",PG,Comedy,"November 9, 1984",United States,21538850.0,Warner Bros.
The Bay Boy,R,Drama,"February 15, 1985",Canada,162364.0,International Cinema Corporation (ICC)
Heavenly Bodies,R,Drama,"February 1, 1985",Canada,1839623.0,Producers Sales Organization (PSO)
Heartbreakers,R,Drama,"September 28, 1984",United States,148750.0,Jethro Films Production
Champions,PG,Biography,"April 20, 1984",United Kingdom,200498.0,Archerwest
A Sunday in the Country,G,Drama,"April 11, 1984",France,2411143.0,Films A2
Mass Appeal,PG,Drama,"December 14, 1984",United States,1945658.0,David Foster Productions
Windy City,R,Drama,"January 1, 1986",United States,343890.0,CBS Theatrical Films
Lovelines,R,Comedy,"November 2, 1984",United States,,Delphi II Productions
The Bear,PG,Biography,"September 28, 1984",United States,2687148.0,
Weekend Pass,R,Comedy,"February 3, 1984",United States,21058033.0,Marimark Productions
Over the Brooklyn Bridge,R,Comedy,"March 2, 1984",United States,837914.0,City Films
Fast Talking,Not Rated,Drama,"April 23, 1986",Australia,,Filmtrex
Lily in Love,PG-13,Comedy,"April 19, 1985",Hungary,,Hungarofilm
Winter Flight,,Drama,"February 14, 1986",United Kingdom,2729.0,Enigma Productions
Almost You,R,Comedy,"March 29, 1985",United States,95000.0,Almost You
The Adventures of Pinocchio,Not Rated,Animation,"June 8, 1984",United States,,Century Video Corporation
Blame It on the Night,PG-13,Comedy,"November 2, 1984",United States,,Delphi II Productions
Petit Con,R,Comedy,"April 19, 1985",France,127426.0,Gaumont International
Weird Science,PG-13,Comedy,"August 2, 1985",United States,38934048.0,Universal Pictures
The Goonies,PG,Adventure,"June 7, 1985",United States,63980721.0,Warner Bros.
Back to the Future,PG,Adventure,"July 3, 1985",United States,381906762.0,Universal Pictures
To Live and Die in L.A.,R,Action,"November 1, 1985",United States,17307019.0,SLM Production Group
Clue,PG,Comedy,"December 13, 1985",United States,14643997.0,Paramount Pictures
The Breakfast Club,R,Comedy,"February 15, 1985",United States,51525171.0,Universal Pictures
Cocoon,PG-13,Comedy,"June 21, 1985",United States,85313124.0,Twentieth Century Fox
Rambo: First Blood Part II,R,Action,"May 22, 1985",United States,300400432.0,Estudios Churubusco Azteca S.A.
Mask,PG-13,Biography,"March 22, 1985",United States,48230162.0,Universal Pictures
Legend,PG,Adventure,"April 18, 1986",United States,15502112.0,Legend Production Company
The Return of the Living Dead,R,Comedy,"August 16, 1985",United States,14237880.0,Cinema '84
St. Elmo's Fire,R,Drama,"June 28, 1985",United States,37803872.0,Columbia Pictures
Brazil,R,Drama,"December 18, 1985",United Kingdom,9949953.0,Embassy International Pictures
Pale Rider,R,Drama,"June 28, 1985",United States,41410568.0,The Malpaso Company
Teen Wolf,PG,Comedy,"August 23, 1985",United States,33086611.0,Atlantic Entertainment Group
Real Genius,PG,Comedy,"August 7, 1985",United States,12952019.0,Delphi III Productions
Commando,R,Action,"October 4, 1985",United States,57491000.0,SLM Production Group
Witness,R,Crime,"February 8, 1985",United States,68706993.0,Paramount Pictures
The Color Purple,PG-13,Drama,"February 7, 1986",United States,98467863.0,Amblin Entertainment
Silverado,PG-13,Action,"July 10, 1985",United States,32192570.0,Columbia Pictures
Rocky IV,PG,Drama,"November 27, 1985",United States,300473716.0,United Artists
Better Off Dead...,PG,Comedy,"October 11, 1985",United States,10297601.0,A&M Films
Ran,R,Action,"June 1, 1985",Japan,4164283.0,Greenwich Film Productions
Ladyhawke,PG-13,Adventure,"April 12, 1985",United States,18432000.0,Twentieth Century Fox
A Room with a View,Not Rated,Drama,"April 11, 1986",United Kingdom,21041453.0,Goldcrest Films International
Red Sonja,PG-13,Action,"July 3, 1985",United States,6951415.0,Dino De Laurentiis Company
Fright Night,R,Fantasy,"August 2, 1985",United States,24922237.0,Columbia Pictures
Explorers,PG,Adventure,"July 12, 1985",United States,9873044.0,Paramount Pictures
Flesh+Blood,R,Adventure,"August 30, 1985",Netherlands,,Riverside Pictures
Mad Max Beyond Thunderdome,PG-13,Action,"July 10, 1985",Australia,36230219.0,Kennedy Miller Productions
After Hours,R,Comedy,"October 11, 1985",United States,10609321.0,The Geffen Company
A View to a Kill,PG,Action,"May 24, 1985",United Kingdom,50327960.0,Eon Productions
Fletch,PG,Comedy,"May 31, 1985",United States,59612888.0,Universal Pictures
Perfect,R,Drama,"June 7, 1985",United States,12918858.0,Columbia Pictures
A Nightmare on Elm Street 2: Freddy's Revenge,R,Horror,"November 1, 1985",United States,29999213.0,New Line Cinema
Summer Rental,PG,Comedy,"August 9, 1985",United States,24689703.0,Paramount Pictures
Lifeforce,R,Action,"June 21, 1985",United Kingdom,11603545.0,Golan-Globus Productions
Pee-wee's Big Adventure,PG,Adventure,"August 9, 1985",United States,40940662.0,Warner Bros.
Out of Africa,PG,Biography,"December 20, 1985",United States,227514205.0,Mirage Enterprises
Day of the Dead,Not Rated,Horror,"July 19, 1985",United States,5000000.0,United Film Distribution Company (UFDC)
Just One of the Guys,PG-13,Comedy,"April 26, 1985",United States,11528900.0,Columbia Pictures
National Lampoon's European Vacation,PG-13,Adventure,"July 26, 1985",United States,49364621.0,National Lampoon
Spies Like Us,PG,Adventure,"December 6, 1985",United States,60088980.0,Warner Bros.
House,R,Comedy,"February 28, 1986",United States,19444631.0,New World Pictures
Police Academy 2: Their First Assignment,PG-13,Comedy,"March 29, 1985",United States,55600000.0,Warner Bros.
The Black Cauldron,PG,Animation,"July 24, 1985",United States,21288692.0,Walt Disney Pictures
Friday the 13th: A New Beginning,R,Horror,"March 22, 1985",United States,21930418.0,Georgetown Productions Inc.
Runaway Train,R,Action,"January 17, 1986",United States,7683620.0,Golan-Globus Productions
Re-Animator,Unrated,Comedy,"October 18, 1985",United States,2023414.0,Empire Pictures
Brewster's Millions,PG,Comedy,"May 22, 1985",United States,45833132.0,Universal Pictures
The Last Dragon,PG-13,Action,"March 22, 1985",United States,25754284.0,Delphi III Productions
The Legend of Billie Jean,PG-13,Action,"July 19, 1985",United States,3099497.0,Gomillion Studios
Desperately Seeking Susan,PG-13,Comedy,"April 12, 1985",United States,27398584.0,Orion Pictures
Girls Just Want to Have Fun,PG,Comedy,"April 12, 1985",United States,6326051.0,New World Pictures
Vision Quest,R,Drama,"February 15, 1985",United States,12993175.0,Warner Bros.
Jagged Edge,R,Drama,"October 4, 1985",United States,40491165.0,Columbia Pictures
Enemy Mine,PG-13,Action,"December 20, 1985",United States,12303411.0,Twentieth Century Fox
Tuff Turf,R,Action,"January 11, 1985",United States,9369329.0,New World Pictures
Volunteers,R,Adventure,"August 16, 1985",United States,19875740.0,HBO Pictures
The Jewel of the Nile,PG,Action,"December 11, 1985",United States,96773200.0,SLM Production Group
Once Bitten,PG-13,Comedy,"November 15, 1985",United States,10000000.0,Night Life Inc.
Private Resort,R,Comedy,"May 3, 1985",United States,331816.0,Delphi III Productions
Police Story,PG-13,Action,"December 14, 1985",Hong Kong,113164.0,Golden Way Films Ltd.
Into the Night,R,Action,"February 22, 1985",United States,7562164.0,Universal Pictures
The Sure Thing,PG-13,Comedy,"March 1, 1985",United States,18135531.0,Embassy Pictures
White Nights,PG-13,Drama,"December 6, 1985",United States,42160849.0,Columbia Pictures
Mischief,R,Comedy,"February 8, 1985",United States,8692426.0,Twentieth Century Fox
Silver Bullet,R,Horror,"October 11, 1985",United States,12361866.0,Dino De Laurentiis Company
Kiss of the Spider Woman,R,Drama,"July 26, 1985",Brazil,17009654.0,HB Filmes
My Beautiful Laundrette,R,Comedy,"April 4, 1986",United Kingdom,2455535.0,Working Title Films
Young Sherlock Holmes,PG-13,Adventure,"December 4, 1985",United States,19739575.0,Amblin Entertainment
Smooth Talk,PG-13,Drama,"November 15, 1985",United Kingdom,16785.0,American Playhouse
Porky's Revenge,R,Comedy,"March 22, 1985",United States,20518905.0,Melvin Simon Productions
Year of the Dragon,R,Action,"August 16, 1985",United States,18707466.0,Dino De Laurentiis Company
Prizzi's Honor,R,Comedy,"June 14, 1985",United States,26657534.0,ABC Motion Pictures
The Quiet Earth,R,Drama,"October 18, 1985",New Zealand,2123135.0,Cinepro
Tampopo,Not Rated,Comedy,,Japan,444213.0,Itami Productions
Creature,R,Horror,"March 19, 1986",United States,,Trans World Entertainment (TWE)
Secret Admirer,R,Comedy,"June 14, 1985",United States,8622757.0,Orion Pictures
"No Retreat, No Surrender",PG,Action,"May 2, 1986",United States,4662137.0,Seasonal Film Corporation
D.A.R.Y.L.,PG,Family,"June 14, 1985",United Kingdom,7840873.0,Paramount Pictures
Mishima: A Life in Four Chapters,R,Biography,"September 20, 1985",United States,569996.0,Zoetrope Studios
A Chorus Line,PG-13,Drama,"December 20, 1985",United States,14202899.0,Embassy Pictures
Cat's Eye,PG-13,Comedy,"April 12, 1985",United States,13086298.0,Dino De Laurentiis Company
Murphy's Romance,PG-13,Comedy,"January 31, 1986",United States,30867525.0,Columbia Pictures
Heaven Help Us,R,Comedy,"February 8, 1985",United States,6070794.0,HBO Pictures
American Flyers,PG-13,Drama,"August 16, 1985",United States,1420355.0,WW Production
The Journey of Natty Gann,PG,Adventure,"September 27, 1985",United States,9708373.0,Walt Disney Pictures
Trouble in Mind,R,Comedy,,United States,19632.0,Pfeiffer/Blocker Production
Fandango,PG,Comedy,"January 25, 1985",United States,91666.0,Warner Bros.
Gotcha!,PG-13,Action,"May 3, 1985",United States,10806919.0,Universal Pictures
Death Wish 3,R,Action,"November 1, 1985",United States,16116878.0,The Cannon Group
King Solomon's Mines,PG-13,Action,"November 22, 1985",United States,15057465.0,The Cannon Group
American Warrior,R,Action,"August 30, 1985",United States,10499694.0,The Cannon Group
The Emerald Forest,R,Action,"July 3, 1985",United Kingdom,24468550.0,Christel Films
The Holcroft Covenant,R,Action,"October 18, 1985",United Kingdom,393825.0,Edie & Ely Landau Inc.
The Falcon and the Snowman,R,Biography,"February 8, 1985",United Kingdom,17130087.0,Hemdale
Transylvania 6-5000,PG,Comedy,"November 8, 1985",Yugoslavia,7196872.0,Balcor Film Investors
Desert Hearts,R,Drama,"March 7, 1986",United States,2492088.0,Desert Hearts Productions
The Heavenly Kid,PG-13,Comedy,"July 26, 1985",United States,3852271.0,Engelberg-Sumner-Cheikes
The Purple Rose of Cairo,PG,Comedy,"April 19, 1985",United States,10631333.0,Jack Rollins & Charles H. Joffe Productions
The Man with One Red Shoe,PG,Comedy,"July 19, 1985",United States,8645411.0,Twentieth Century Fox
My Life as a Dog,Unrated,Drama,"May 1, 1987",Sweden,8349284.0,Svensk Filmindustri (SF)
My Science Project,PG,Action,"August 9, 1985",United States,4122748.0,Touchstone Pictures
Seven Minutes in Heaven,PG-13,Comedy,"May 9, 1985",United States,,Fifteen
Fraternity Vacation,R,Comedy,"April 12, 1985",United States,3333306.0,New World Pictures
The New Kids,R,Crime,"January 18, 1985",United States,199108.0,Columbia Pictures
Tomboy,R,Comedy,"November 14, 1985",United States,14100000.0,Marimark Productions
Invasion U.S.A.,R,Action,"September 27, 1985",United States,17536256.0,Cannon Films
Revolution,PG,Adventure,"December 25, 1985",United Kingdom,358574.0,Goldcrest Films International
Lost in America,R,Comedy,"February 8, 1985",United States,10179000.0,The Geffen Company
Subway,R,Thriller,"November 6, 1985",France,390659.0,Les Films du Loup
Moving Violations,PG-13,Comedy,"April 19, 1985",United States,10627754.0,SLM Production Group
Nomads,R,Horror,"March 7, 1986",United States,2278264.0,Cinema VII
Fool for Love,R,Drama,"May 14, 1986",United States,836156.0,Cinema '84
Baby: Secret of the Lost Legend,PG,Adventure,"March 22, 1985",United States,14972297.0,Silver Screen Partners II
Code of Silence,R,Action,"May 3, 1985",United States,20345361.0,Orion Pictures
Crimewave,PG-13,Comedy,"April 25, 1986",United States,5101.0,Columbia Pictures
Gymkata,R,Action,"May 3, 1985",United States,5730596.0,Metro-Goldwyn-Mayer (MGM)
Sweet Dreams,PG-13,Biography,"October 11, 1985",United States,9085049.0,HBO Pictures
The Slugger's Wife,PG-13,Comedy,"March 29, 1985",United States,1878561.0,Rastar Films
Avenging Angel,R,Action,"January 11, 1985",United States,5622787.0,Avenging Venture
Santa Claus: The Movie,PG,Adventure,"November 27, 1985",United Kingdom,23717291.0,GGG
That Was Then... This Is Now,R,Crime,"November 8, 1985",United States,8630068.0,Media Ventures
Agnes of God,PG-13,Drama,"September 27, 1985",United States,25627836.0,Columbia Pictures
Rustlers' Rhapsody,PG,Comedy,"May 10, 1985",United States,6090497.0,Paramount Pictures
The Adventures of Mark Twain,G,Animation,"July 26, 1985",United States,849915.0,Atlantic
Stick,R,Action,"April 26, 1985",United States,8489518.0,Universal Pictures
The Bride,PG-13,Fantasy,"August 16, 1985",United Kingdom,3558669.0,Colgems Productions Ltd.
Morons from Outer Space,PG-13,Comedy,"September 20, 1985",United Kingdom,441137.0,Calendar Productions
Godzilla 1985,PG,Action,"August 23, 1985",Japan,4116395.0,Toho Company
Plenty,R,Drama,"September 20, 1985",United Kingdom,6148000.0,Pressman Productions
King David,PG-13,Adventure,"March 29, 1985",United Kingdom,5111099.0,Barclays Mercantile Industrial Finance
The Trip to Bountiful,PG,Drama,"January 24, 1986",United States,7491903.0,Bountiful Film Partners
Missing in Action 2: The Beginning,R,Action,"March 1, 1985",United States,10755447.0,The Cannon Group
The Protector,R,Action,"August 23, 1985",Hong Kong,981817.0,Eurasia Investments
The Mean Season,R,Crime,"February 15, 1985",United States,4349446.0,David Foster Productions
Turk 182,PG-13,Comedy,"February 15, 1985",United States,3594997.0,Interscope Communications
The Official Story,Not Rated,Drama,"November 8, 1985",Argentina,69832.0,Historias Cinematograficas Cinemania
Krush Groove,R,Comedy,"October 25, 1985",United States,11052713.0,Crystalite Productions
He-Man and She-Ra: The Secret of the Sword,G,Animation,"March 22, 1985",United States,7660857.0,Filmation Associates
Warning Sign,R,Drama,"August 23, 1985",United States,1918117.0,SLM Production Group
Creator,R,Comedy,"September 20, 1985",United States,5349607.0,Kings Road Entertainment
Taipei Story,Not Rated,Drama,,Taiwan,35336.0,Evergreen Film Company
Otac na sluzbenom putu,R,Drama,"October 11, 1985",Yugoslavia,34751.0,Centar Film
The Aviator,PG,Adventure,"March 15, 1985",United States,1304192.0,United Artists
Starchaser: The Legend of Orin,PG,Animation,"November 22, 1985",South Korea,3360800.0,Young Sung Production Co.
Maxie,PG,Comedy,"September 27, 1985",United States,2564278.0,Aurora
DEFCON-4,R,Action,"March 15, 1985",Canada,1057064.0,New World Pictures
The Care Bears Movie,G,Animation,"March 29, 1985",Canada,22934622.0,Nelvana
Sylvester,PG,Drama,"March 15, 1985",United States,385687.0,Columbia Pictures
Radioactive Dreams,R,Action,"September 19, 1986",Mexico,220038.0,ITM Productions
Twice in a Lifetime,R,Drama,"November 8, 1985",United States,8402424.0,Bud Yorkin Productions
Dance with a Stranger,R,Biography,"August 9, 1985",United Kingdom,2174622.0,Goldcrest Films International
Water,PG-13,Adventure,"April 18, 1986",United Kingdom,1256862.0,HandMade Films
One Magic Christmas,G,Family,"November 22, 1985",Canada,13677222.0,Walt Disney Pictures
Echo Park,R,Comedy,"July 25, 1986",United States,,Sascha-Verleih
O.C. and Stiggs,R,Comedy,,United States,29815.0,Metro-Goldwyn-Mayer (MGM)
The Good Father,R,Drama,"February 11, 1987",United Kingdom,421201.0,Channel Four Films
Fever Pitch,R,Drama,"November 22, 1985",United States,618847.0,Metro-Goldwyn-Mayer (MGM)
The Doctor and the Devils,R,Crime,"October 4, 1985",United Kingdom,147070.0,Brooksfilms
Head Office,PG-13,Comedy,"January 3, 1986",United States,3393807.0,Guber-Peters Company
Eleni,PG,Drama,"December 21, 1985",United States,305102.0,CBS Entertainment Production
Dreamchild,PG,Biography,"October 4, 1985",United Kingdom,1215923.0,PfH Ltd.
Defense of the Realm,PG,Thriller,"November 21, 1986",United Kingdom,750000.0,The Rank Organisation
Bad Medicine,PG-13,Comedy,"November 22, 1985",United States,2685453.0,Lantana Productions
Wetherby,R,Drama,"July 19, 1985",United Kingdom,1299985.0,Film Four International
Compromising Positions,R,Comedy,"August 30, 1985",United States,12531831.0,Blackhawk Productions
Rainbow Brite and the Star Stealer,G,Animation,"November 15, 1985",United States,4889971.0,DIC Entertainment
Alamo Bay,R,Action,"April 3, 1985",United States,,Delphi IV Productions
Three Men and a Cradle,PG-13,Comedy,"April 25, 1986",France,2052466.0,Flach Film
In the Shadow of Kilimanjaro,R,Action,"May 9, 1986",United Kingdom,,Film Corporation of Kenya
Rappin',PG,Drama,"May 10, 1985",United States,2864844.0,Cannon Pictures
Bal na vodi,R,Drama,"October 24, 1985",Yugoslavia,,CFS Avala Film
Certain Fury,R,Action,"March 1, 1985",United States,1381091.0,Entertainment Events
Bliss,R,Comedy,"February 21, 1986",Australia,,Window III Productions
Code Name: Emerald,PG,Action,"September 27, 1985",United States,561548.0,Metro-Goldwyn-Mayer (MGM)
Colonel Redl,R,Biography,"October 4, 1985",Yugoslavia,2357.0,Manfred Durniok Filmproduktion
Thunder Run,PG-13,Action,"May 30, 1986",United States,,Lynn-Davis Productions
Marie,PG-13,Biography,"September 27, 1985",United States,2507995.0,Dino De Laurentiis Company
Movers & Shakers,PG,Comedy,"March 31, 1988",United States,372438.0,Asher-Grodin Productions
La Cage aux Folles 3: The Wedding,PG-13,Comedy,"February 14, 1986",France,345280.0,Columbia Films
James Joyce's Women,R,Drama,"September 13, 1985",Ireland,,The Rejoycing Company
Turtle Diary,PG,Comedy,"February 14, 1986",United Kingdom,2156772.0,Britannic
Maccheroni,PG,Comedy,"October 24, 1985",Italy,,Filmauro
My Man Adam,R,Comedy,"October 25, 1985",United States,,The Mount Company (II)
Sudden Death,R,Action,"September 13, 1985",United States,,Lodestar Productions
One Woman or Two,PG-13,Comedy,"February 20, 1987",France,,Hachette Première
Joshua Then and Now,R,Comedy,"September 20, 1985",Canada,542420.0,Films RSL
On the Edge,PG-13,Drama,"May 2, 1986",United States,,Alliance Communications Corporation
The Girl in the Picture,PG-13,Comedy,"July 5, 1985",United Kingdom,202428.0,Antonine Films
Here Come the Littles,G,Animation,"May 24, 1985",United States,6565359.0,ABC Entertainment
Came a Hot Friday,PG,Adventure,"October 4, 1985",New Zealand,,Mirage Films
Wuthering Heights,Not Rated,Drama,"October 9, 1985",France,,La Cecilia
The Frog Prince,PG,Comedy,"February 21, 1986",United Kingdom,,Enigma Productions
Lune de miel,R,Thriller,"November 20, 1985",France,,Malofilm
Tea in the Harem,,Drama,"June 6, 1986",France,,Centre national du cinéma et de l'image animée (CNC)
Mr. Love,PG-13,Comedy,"April 25, 1986",United Kingdom,,Enigma Productions
Death of an Angel,PG,Drama,"March 7, 1986",United States,,Angeles
Sincerely Charlotte,,Drama,"July 18, 1986",France,,Les Films de la Tour
Top Gun,PG,Action,"May 16, 1986",United States,357288178.0,Paramount Pictures
Aliens,R,Action,"July 18, 1986",United Kingdom,131060248.0,Twentieth Century Fox
Stand by Me,R,Adventure,"August 22, 1986",United States,52287414.0,Columbia Pictures
Ferris Bueller's Day Off,PG-13,Comedy,"June 11, 1986",United States,70720215.0,Paramount Pictures
Crocodile Dundee,PG-13,Action,"September 26, 1986",Australia,328203506.0,Rimfire Films
Labyrinth,PG,Adventure,"June 27, 1986",United Kingdom,13915874.0,Henson Associates (HA)
Highlander,R,Action,"March 7, 1986",United Kingdom,5900712.0,Thorn EMI Screen Entertainment
Big Trouble in Little China,PG-13,Action,"July 2, 1986",United States,11100577.0,Twentieth Century Fox
Pretty in Pink,PG-13,Comedy,"February 28, 1986",United States,40479480.0,Paramount Pictures
Platoon,R,Drama,"February 6, 1987",United States,138545632.0,Hemdale
Blue Velvet,R,Drama,"October 23, 1986",United States,8618766.0,De Laurentiis Entertainment Group (DEG)
Manhunter,R,Crime,"August 15, 1986",United States,8621783.0,De Laurentiis Entertainment Group (DEG)
Howard the Duck,PG,Action,"August 1, 1986",United States,37962774.0,Universal Pictures
The Fly,R,Drama,"August 15, 1986",United States,60629159.0,SLM Production Group
Little Shop of Horrors,PG-13,Comedy,"December 19, 1986",United States,38983045.0,The Geffen Company
The Mosquito Coast,PG,Adventure,"November 26, 1986",United States,14302779.0,The Saul Zaentz Company
The Karate Kid Part II,PG,Action,"June 20, 1986",United States,115103979.0,Columbia Pictures
River's Edge,R,Crime,"May 8, 1987",United States,4600000.0,Hemdale
9½ Weeks,R,Drama,"February 21, 1986",United States,6735922.0,Producers Sales Organization (PSO)
The Golden Child,PG-13,Action,"December 12, 1986",United States,79817937.0,Paramount Pictures
Star Trek IV: The Voyage Home,PG,Action,"November 26, 1986",United States,109713132.0,Paramount Pictures
Short Circuit,PG,Comedy,"May 9, 1986",United States,40697761.0,TriStar Pictures
The Delta Force,R,Action,"February 14, 1986",United States,17768900.0,Golan-Globus Productions
The Name of the Rose,R,Crime,"September 24, 1986",West Germany,7153487.0,Constantin Film
The Wraith,PG-13,Action,"November 21, 1986",United States,3500000.0,New Century Entertainment Corporation
The Color of Money,R,Drama,"October 17, 1986",United States,52293982.0,Touchstone Pictures
Hoosiers,PG,Drama,"February 27, 1987",United Kingdom,28607524.0,Cinema '84
Heartbreak Ridge,R,Drama,"December 5, 1986",United States,42724017.0,Jay Weston Productions
Flight of the Navigator,PG,Adventure,"August 1, 1986",United States,18564613.0,Walt Disney Pictures
Cobra,R,Action,"May 23, 1986",United States,49042224.0,Warner Bros.
Peggy Sue Got Married,PG-13,Comedy,"October 10, 1986",United States,41488348.0,TriStar Pictures
The Mission,PG,Adventure,"October 31, 1986",United Kingdom,17502499.0,Warner Bros.
Working Girls,Unrated,Drama,"March 20, 1987",United States,1777378.0,Alternate Current
Youngblood,R,Drama,"January 31, 1986",United States,15448384.0,Blueline Productions
Three Amigos!,PG,Comedy,"December 12, 1986",United States,39246734.0,L.A. Films
Maximum Overdrive,R,Action,"July 25, 1986",United States,7433663.0,De Laurentiis Entertainment Group (DEG)
Lucas,PG-13,Comedy,"March 28, 1986",United States,8200000.0,Lawrence Gordon Productions
Friday the 13th Part VI: Jason Lives,R,Horror,"August 1, 1986",United States,19472057.0,Paramount Pictures
The Money Pit,PG,Comedy,"March 26, 1986",United States,54999651.0,Amblin Entertainment
Back to School,PG-13,Comedy,"June 13, 1986",United States,91258000.0,Orion Pictures
Betty Blue,Unrated,Drama,"November 7, 1986",France,2016851.0,Gaumont
About Last Night,R,Comedy,"July 2, 1986",United States,38702310.0,TriStar Pictures
Critters,PG-13,Comedy,"April 11, 1986",United States,13167232.0,New Line Cinema
The Texas Chainsaw Massacre 2,Unrated,Comedy,"August 22, 1986",United States,8025872.0,Cannon Films
Iron Eagle,PG-13,Action,"January 17, 1986",United States,24159872.0,TriStar Pictures
One Crazy Summer,PG,Comedy,"August 8, 1986",United States,13431806.0,A&M Films
From Beyond,R,Horror,"October 24, 1986",United States,1261000.0,Empire Pictures
Sid and Nancy,R,Biography,"November 7, 1986",United Kingdom,2850707.0,Initial Pictures
Henry: Portrait of a Serial Killer,Unrated,Biography,"September 7, 1990",United States,609939.0,Maljack Productions
Mona Lisa,R,Crime,"June 13, 1986",United Kingdom,5794184.0,HandMade Films
Police Academy 3: Back in Training,PG,Comedy,"March 21, 1986",Canada,43579163.0,Police Academy Productions
Night of the Creeps,R,Comedy,"August 22, 1986",United States,591366.0,TriStar Pictures
The Sacrifice,PG,Drama,"May 9, 1986",Sweden,167292.0,Svenska Filminstitutet (SFI)
The Hitcher,R,Action,"February 21, 1986",United States,5844868.0,HBO Pictures
Rad,PG,Drama,"March 28, 1986",United States,2015882.0,TaliaFilm II Productions
An American Tail,G,Animation,"November 21, 1986",United States,84542002.0,Universal Pictures
SpaceCamp,PG,Adventure,"June 6, 1986",United States,9697739.0,ABC Motion Pictures
Raw Deal,R,Action,"June 6, 1986",United States,16209459.0,De Laurentiis Entertainment Group (DEG)
Hannah and Her Sisters,PG-13,Comedy,"March 14, 1986",United States,40084041.0,Orion Pictures
The Great Mouse Detective,G,Animation,"July 2, 1986",United States,38625550.0,Walt Disney Pictures
Ruthless People,R,Comedy,"June 27, 1986",United States,71624879.0,Touchstone Pictures
The Transformers: the Movie,PG,Animation,"August 8, 1986",United States,5860601.0,Sunbow Productions
Wildcats,R,Comedy,"February 14, 1986",United States,26285544.0,Hawn / Sylbert Movie Company
Troll,PG-13,Comedy,"January 17, 1986",Italy,5450815.0,Empire Pictures
At Close Range,R,Crime,"April 18, 1986",United States,2347000.0,Hemdale
The Boy Who Could Fly,PG,Drama,"August 15, 1986",United States,7177431.0,Lorimar Film Partners
Something Wild,R,Comedy,"November 7, 1986",United States,8362969.0,Religioso Primitiva
Heartburn,R,Comedy,"July 25, 1986",United States,25314189.0,Paramount Pictures
Crossroads,R,Drama,"March 14, 1986",United States,5839031.0,Columbia Pictures
The Clan of the Cave Bear,R,Adventure,"January 17, 1986",United States,1953732.0,Warner Bros.
She's Gotta Have It,R,Comedy,"August 8, 1986",United States,7137502.0,40 Acres & A Mule Filmworks
Running Scared,R,Action,"June 27, 1986",United States,38500726.0,Metro-Goldwyn-Mayer (MGM)
8 Million Ways to Die,R,Action,"April 25, 1986",United States,1305114.0,Producers Sales Organization (PSO)
Soul Man,PG-13,Comedy,"October 24, 1986",United States,27820000.0,Balcor Film Investors
Down by Law,R,Comedy,"September 25, 1986",United States,1504286.0,Island Pictures
Poltergeist II: the Other Side,PG-13,Horror,"May 23, 1986",United States,40996665.0,Freddie Fields Productions
Bad Blood,Unrated,Crime,"November 26, 1986",Switzerland,58731.0,Les Films Plain Chant
Psycho III,R,Horror,"July 2, 1986",United States,14481606.0,Universal Pictures
Allan Quatermain and the Lost City of Gold,PG,Action,"January 30, 1987",United States,3751699.0,Golan-Globus Productions
The Adventures of Milo and Otis,G,Adventure,"August 25, 1989",Japan,13299749.0,Fuji Television Network
Caravaggio,,Biography,"August 29, 1986",United Kingdom,5478.0,British Film Institute (BFI)
Children of a Lesser God,R,Drama,"October 31, 1986",United States,31853080.0,Paramount Pictures
Invaders from Mars,PG,Horror,"June 6, 1986",United States,4884663.0,Cannon Pictures
Matador,NC-17,Drama,"March 7, 1986",Spain,286126.0,Compañía Iberoamericana de TV
Down and Out in Beverly Hills,R,Comedy,"January 31, 1986",United States,62134225.0,Touchstone Pictures
April Fool's Day,R,Horror,"March 28, 1986",United States,12947763.0,Paramount Pictures
The Big Easy,R,Comedy,"August 21, 1987",United States,17685307.0,Kings Road Entertainment
Pirates,PG-13,Action,"July 18, 1986",France,1641825.0,Carthago Films S.a.r.l.
No Mercy,R,Crime,"December 19, 1986",United States,12303904.0,TriStar Pictures
Lady Jane,PG-13,Biography,"February 7, 1986",United Kingdom,277646.0,Capital Equipment Leasing
Club Paradise,PG-13,Comedy,"July 11, 1986",United States,12308521.0,Warner Bros.
Manon of the Spring,PG,Drama,"December 4, 1987",Switzerland,3940542.0,DD Productions
Gothic,R,Drama,"April 10, 1987",United Kingdom,916172.0,Virgin Vision
Armed and Dangerous,PG-13,Action,"August 15, 1986",United States,15945534.0,Columbia Pictures
F/X,R,Action,"February 7, 1986",United States,20603715.0,Orion Pictures
King Kong Lives,PG-13,Action,"December 19, 1986",United States,4711220.0,Toho Company
Castaway,R,Adventure,"September 11, 1987",United Kingdom,,Cannon Screen Entertainment
Wise Guys,R,Comedy,"April 18, 1986",United States,8475466.0,Metro-Goldwyn-Mayer (MGM)
Solarbabies,PG-13,Action,"November 26, 1986",United States,1579260.0,Brooksfilms
The Manhattan Project,PG-13,Sci-Fi,"June 13, 1986",United States,3900000.0,Gladden Entertainment
Trick or Treat,R,Comedy,"October 24, 1986",United States,6797218.0,De Laurentiis Entertainment Group (DEG)
Body Slam,PG,Comedy,"May 21, 1987",United States,,Hemdale
Jumpin' Jack Flash,R,Comedy,"October 10, 1986",United States,29844101.0,Lawrence Gordon Productions
Fire with Fire,PG-13,Drama,"May 9, 1986",United States,4636169.0,Paramount Pictures
Gung Ho,PG-13,Comedy,"March 14, 1986",United States,36611610.0,Paramount Pictures
True Stories,PG,Comedy,"October 10, 1986",United States,2545459.0,Gary Kurfirst Pictures
When the Wind Blows,Not Rated,Animation,"March 11, 1988",United Kingdom,5274.0,Meltdown Productions
Murphy's Law,R,Action,"April 18, 1986",United States,9947631.0,Cannon Group
Deadly Friend,R,Drama,"October 10, 1986",United States,8988731.0,Warner Bros.
Jean de Florette,PG,Comedy,"August 28, 1987",Switzerland,4940939.0,DD Productions
Reform School Girls,R,Crime,"August 22, 1986",United States,2510433.0,Balcor Film Investors
Band of the Hand,R,Action,"April 11, 1986",United States,4865912.0,Delphi V Productions
Vamp,R,Comedy,"July 18, 1986",United States,4941117.0,New World Pictures
Nothing in Common,PG,Comedy,"July 30, 1986",United States,32324557.0,Delphi Films
TerrorVision,R,Comedy,"February 14, 1986",United States,320256.0,Empire Pictures
Quicksilver,PG,Crime,"February 14, 1986",United States,7634909.0,Columbia Pictures
52 Pick-Up,R,Crime,"November 7, 1986",United States,5186646.0,Cannon Group
Black Moon Rising,R,Action,"January 10, 1986",United States,6637565.0,New World Pictures
Extremities,R,Drama,"August 22, 1986",United States,13418091.0,Atlantic Entertainment Group
The Men's Club,R,Drama,"September 19, 1986",United States,2556361.0,Atlantic Entertainment Group
Haunted Honeymoon,PG,Comedy,"July 25, 1986",United Kingdom,8033397.0,Orion Pictures
Summer,R,Drama,"August 29, 1986",France,63137.0,Ministère de la Culture et de la Communication
Tough Guys,PG,Comedy,"October 3, 1986",United States,21458229.0,Touchstone Pictures
Eliminators,PG,Action,"January 31, 1986",United States,4601256.0,Empire Pictures
The Best of Times,PG-13,Comedy,"January 31, 1986",United States,7817314.0,Cinema Group Ventures
Firewalker,PG,Action,"November 21, 1986",United States,11949484.0,Cannon Group
Modern Girls,PG-13,Comedy,"November 7, 1986",United States,604849.0,
Witchboard,R,Horror,"March 13, 1987",United Kingdom,7369373.0,Paragon Arts International
Clockwise,PG,Comedy,"October 10, 1986",United Kingdom,1476356.0,Thorn EMI Screen Entertainment
Legal Eagles,PG,Comedy,"June 20, 1986",United States,93151591.0,Universal Pictures
Link,R,Horror,"September 19, 1986",United Kingdom,1720450.0,Cannon Screen Entertainment
"Jo Jo Dancer, Your Life Is Calling",R,Biography,"May 2, 1986",United States,18034150.0,Columbia Pictures
Wanted: Dead or Alive,R,Action,"January 16, 1987",United States,7555000.0,New World Pictures
American Anthem,PG-13,Drama,"June 27, 1986",United States,4845724.0,Lorimar Productions
The Morning After,R,Crime,"December 25, 1986",United States,25147055.0,American Filmworks
Crimes of the Heart,PG-13,Comedy,"January 23, 1987",United States,22905522.0,De Laurentiis Entertainment Group (DEG)
Under the Cherry Moon,PG-13,Comedy,"July 2, 1986",United States,10090429.0,Warner Bros.
Malcolm,PG-13,Comedy,"November 5, 1986",Australia,,Cascade Films
Meatballs III: Summer Job,R,Comedy,"January 9, 1987",Canada,2147228.0,TMS Pictures
Devil in the Flesh,X,Drama,"May 22, 1987",Italy,546904.0,L.P. Film
Absolute Beginners,PG-13,Drama,"April 18, 1986",United Kingdom,930211.0,Goldcrest Films International
Deadtime Stories,R,Comedy,"November 28, 1986",United States,2750741.0,Scary Stuff
Avenging Force,R,Action,"September 12, 1986",United States,4679650.0,The Cannon Group
Heat,R,Action,"March 13, 1987",United States,2793214.0,Escalante Productions
Sweet Liberty,PG,Comedy,"May 16, 1986",United States,14205021.0,Universal Pictures
Killer Party,R,Comedy,"May 9, 1986",Canada,,Marquis
Out of Bounds,R,Action,"July 25, 1986",United States,5099316.0,Columbia Pictures
Wisdom,R,Crime,"January 2, 1987",United States,5715174.0,Gladden Entertainment
Shanghai Surprise,PG-13,Adventure,"August 29, 1986",United Kingdom,2315683.0,HandMade Films
Power,R,Drama,"January 31, 1986",United States,3800000.0,Lorimar Productions
A Fine Mess,PG,Action,"August 8, 1986",United States,6029824.0,Blake Edwards
Let's Get Harry,R,Action,"October 31, 1986",United States,140980.0,Delphi V Productions
My Chauffeur,R,Comedy,"January 24, 1986",United States,4781448.0,Marimark Productions
Biggles: Adventures in Time,PG,Adventure,"January 29, 1988",United Kingdom,,Compact Yellowbill
Half Moon Street,R,Drama,"September 26, 1986",United Kingdom,1131399.0,Centurion
Every Time We Say Goodbye,PG-13,Drama,"November 14, 1986",Israel,278623.0,Delphi V Productions
The Decline of the American Empire,R,Comedy,"November 14, 1986",Canada,1915792.0,Corporation Image M & M
Hardbodies 2,R,Comedy,"September 12, 1986",United States,78068.0,Chroma III Productions
The Boy in Blue,R,Biography,"January 17, 1986",Canada,275000.0,Canadian Broadcasting Corporation (CBC)
Brighton Beach Memoirs,PG-13,Comedy,"December 25, 1986",United States,11957943.0,Rastar Pictures
The Longshot,PG-13,Comedy,"January 17, 1986",United States,,Orion Pictures
Willy/Milly,PG-13,Comedy,"November 14, 1986",United States,277405.0,Griffon Productions
Ginger and Fred,PG-13,Comedy,"March 28, 1986",Italy,837623.0,Produzioni Europee Associate (PEA)
'Round Midnight,R,Drama,"October 3, 1986",United States,3272593.0,Little Bear
Violets Are Blue...,PG-13,Drama,"April 25, 1986",United States,4743287.0,Rastar Films
Parting Glances,Not Rated,Drama,"February 19, 1986",United States,,Rondo Productions
The Whoopee Boys,R,Comedy,"August 22, 1986",United States,,Paramount Pictures
Tai-Pan,R,Adventure,"November 7, 1986",United States,4007250.0,De Laurentiis Entertainment Group (DEG)
My Little Pony: The Movie,G,Animation,"June 6, 1986",United States,5958456.0,Sunbow Productions
Playing for Keeps,PG-13,Comedy,"October 3, 1986",United States,2669366.0,Miramax
"'night, Mother",PG-13,Drama,"January 29, 1987",United States,441863.0,Aaron Spelling Productions
Jake Speed,PG,Action,"May 30, 1986",United States,1943751.0,Balcor Film Investors
The Naked Cage,R,Action,"March 7, 1986",United States,3136701.0,The Cannon Group
Blue City,R,Action,"May 2, 1986",United States,6947787.0,Paramount Pictures
That's Life!,PG-13,Comedy,"October 10, 1986",United States,4079895.0,Blake Edwards
Sky Bandits,PG,Action,"October 31, 1986",United Kingdom,2295500.0,J&M Entertainment
Ménage,,Comedy,"October 1, 1986",France,925952.0,Ciné Valse
Dream Lover,R,Crime,"April 2, 1986",United States,502237.0,Metro-Goldwyn-Mayer (MGM)
Dangerously Close,R,Action,"May 9, 1986",United States,2390525.0,Golan-Globus Productions
The Whistle Blower,PG,Thriller,"July 10, 1987",United Kingdom,1500000.0,Portreeve
Care Bears Movie II: A New Generation,G,Animation,"March 21, 1986",Canada,8540346.0,Nelvana
Knights of the City,R,Action,"February 14, 1986",United States,601451.0,Grace
Born American,R,Action,"December 19, 1986",United States,3388020.0,Cinema Group Ventures
Desert Bloom,PG,Drama,"April 18, 1986",United States,416393.0,Carson Productions
Touch and Go,R,Comedy,"August 22, 1986",United States,1254040.0,Kings Road Entertainment
Man Facing Southeast,R,Drama,"March 13, 1987",Argentina,,Cinequanon
Nutcracker,G,Family,"November 26, 1986",United States,781727.0,Hyperion Pictures
The Fringe Dwellers,PG,Drama,,Australia,,Fringe Dwellers Productions
Just Between Friends,PG-13,Drama,"March 21, 1986",United States,6408791.0,MTM Enterprises
Oviri,R,Biography,"September 5, 1986",Denmark,583800.0,Caméras Continentales
P.O.W. the Escape,R,Action,"April 4, 1986",United States,2497233.0,
Armed Response,R,Action,"October 3, 1986",United States,,Cinetel Films
Duet for One,R,Drama,,United States,8736.0,Golan-Globus Productions
Bullies,R,Action,"August 29, 1986",Canada,2995527.0,Simcom Limited
Native Son,PG,Drama,"December 12, 1986",United States,1301121.0,American Playhouse
The Assault,PG,Drama,"February 6, 1986",Netherlands,512403.0,Fons Rademakers Produktie
Nobody's Fool,PG-13,Comedy,"November 7, 1986",United States,563358.0,Island Pictures
Alien Predator,R,Drama,"February 6, 1987",United States,,Continental Motion Pictures
Low Blow,R,Action,,United States,,Action Communications
A Man and a Woman: 20 Years Later,PG,Drama,"August 15, 1986",France,,Les Films 13
The Princess Bride,PG,Adventure,"October 9, 1987",United Kingdom,30902642.0,Act III Communications
The Lost Boys,R,Comedy,"July 31, 1987",United States,32388898.0,Warner Bros.
Full Metal Jacket,R,Drama,"July 10, 1987",United Kingdom,46357676.0,Natant
Predator,R,Action,"June 12, 1987",United States,98268458.0,Twentieth Century Fox
RoboCop,R,Action,"July 17, 1987",United States,53424681.0,Orion Pictures
Dirty Dancing,PG-13,Drama,"August 21, 1987",United States,214577242.0,Great American Films Limited Partnership
Adventures in Babysitting,PG-13,Adventure,"July 3, 1987",United States,34368475.0,Touchstone Pictures
The Untouchables,R,Crime,"June 3, 1987",United States,76270454.0,Paramount Pictures
Spaceballs,PG,Adventure,"June 24, 1987",United States,38119483.0,Brooksfilms
Raising Arizona,PG-13,Comedy,"April 17, 1987",United States,29180280.0,Circle Films
Lethal Weapon,R,Action,"March 6, 1987",United States,120207127.0,Warner Bros.
Near Dark,R,Action,"January 8, 1988",United States,3369307.0,F/M
Mannequin,PG,Comedy,"February 13, 1987",United States,42721196.0,Gladden Entertainment
Masters of the Universe,PG,Action,"August 7, 1987",United States,17336370.0,Golan-Globus Productions
Fatal Attraction,R,Drama,"September 18, 1987",United States,320145693.0,Paramount Pictures
Hellraiser,R,Horror,"September 18, 1987",United Kingdom,14575193.0,New World Pictures
Empire of the Sun,PG,Action,"December 25, 1987",United States,22238696.0,Amblin Entertainment
No Way Out,R,Action,"August 14, 1987",United States,35509515.0,Orion Pictures
The Witches of Eastwick,R,Comedy,"June 12, 1987",United States,63766510.0,Warner Bros.
Some Kind of Wonderful,PG-13,Drama,"February 27, 1987",United States,18553948.0,Hughes Entertainment
The Running Man,R,Action,"November 13, 1987",United States,38122105.0,TAFT Entertainment Pictures
Black Widow,R,Crime,"February 6, 1987",United States,25205460.0,Amercent Films
Angel Heart,X,Horror,"March 6, 1987",United Kingdom,17186348.0,Carolco International N.V.
Moonstruck,PG,Comedy,"January 15, 1988",United States,80642217.0,Metro-Goldwyn-Mayer (MGM)
Jaws: the Revenge,PG-13,Adventure,"July 17, 1987",United States,51881013.0,Universal Pictures
Wall Street,R,Crime,"December 11, 1987",United States,43848069.0,Twentieth Century Fox
"Good Morning, Vietnam",R,Biography,"January 15, 1988",United States,123922370.0,Touchstone Pictures
A Nightmare on Elm Street 3: Dream Warriors,R,Fantasy,"February 27, 1987",United States,44793222.0,New Line Cinema
"Planes, Trains & Automobiles",R,Comedy,"November 25, 1987",United States,49530280.0,Paramount Pictures
Can't Buy Me Love,PG-13,Comedy,"August 14, 1987",United States,31623833.0,Touchstone Pictures
Overboard,PG,Comedy,"December 16, 1987",United States,26713187.0,Metro-Goldwyn-Mayer (MGM)
Beverly Hills Cop II,R,Action,"May 20, 1987",United States,299965036.0,Paramount Pictures
Superman IV: The Quest for Peace,PG,Action,"July 24, 1987",United Kingdom,15681020.0,Cannon Films
The Secret of My Success,PG-13,Comedy,"April 10, 1987",United States,110996879.0,Rastar Pictures
Withnail & I,R,Comedy,"June 19, 1987",United Kingdom,1628359.0,Cineplex Odeon Films
Evil Dead II,R,Comedy,"March 13, 1987",United States,5923798.0,Renaissance Pictures
Summer School,PG-13,Comedy,"July 22, 1987",United States,35659098.0,Paramount Pictures
Innerspace,PG,Action,"July 1, 1987",United States,25893810.0,Warner Bros.
The Living Daylights,PG,Action,"July 31, 1987",United Kingdom,51186259.0,Eon Productions
Over the Top,PG,Action,"February 13, 1987",United States,16057580.0,The Cannon Group
The Last Emperor,PG-13,Biography,"April 15, 1988",United Kingdom,43993869.0,Recorded Picture Company (RPC)
Less Than Zero,R,Crime,"November 6, 1987",United States,12396383.0,Twentieth Century Fox
Three Men and a Baby,PG,Comedy,"November 25, 1987",United States,167780960.0,Touchstone Pictures
La Bamba,PG-13,Biography,"July 24, 1987",United States,54215416.0,Columbia Pictures
Revenge of the Nerds II: Nerds in Paradise,PG-13,Comedy,"July 10, 1987",United States,30063289.0,Twentieth Century Fox
The Monster Squad,PG-13,Action,"August 14, 1987",United States,3769990.0,TAFT Entertainment Pictures
Prince of Darkness,R,Horror,"October 23, 1987",United States,14182492.0,Alive Films
Wings of Desire,PG-13,Drama,"May 6, 1988",West Germany,3404057.0,Road Movies Filmproduktion
Maurice,R,Drama,"September 18, 1987",United Kingdom,2642567.0,Merchant Ivory Productions
Broadcast News,R,Comedy,"December 25, 1987",United States,67331309.0,Amercent Films
Harry and the Hendersons,PG,Comedy,"June 5, 1987",United States,49998613.0,Amblin Entertainment
Creepshow 2,R,Fantasy,"May 1, 1987",United States,14000000.0,New World Pictures
Police Academy 4: Citizens on Patrol,PG,Comedy,"April 3, 1987",United States,28061343.0,Warner Bros.
The Stepfather,R,Horror,"June 5, 1987",United Kingdom,2488740.0,Incorporated Television Company (ITC)
My Best Friend Is a Vampire,PG,Comedy,"May 6, 1988",United States,174380.0,Kings Road Entertainment
Flowers in the Attic,PG-13,Drama,"November 20, 1987",United States,15151736.0,New World Pictures
*batteries not included,PG,Comedy,"December 18, 1987",United States,65088797.0,Universal Pictures
Roxanne,PG,Comedy,"June 19, 1987",United States,40050884.0,Columbia Pictures Industries
Dragnet,PG-13,Comedy,"June 26, 1987",United States,66673516.0,Applied Action
Throw Momma from the Train,PG-13,Comedy,"December 11, 1987",United States,57915972.0,Orion Pictures
Amazon Women on the Moon,R,Comedy,"September 18, 1987",United States,548696.0,Universal Pictures
Teen Wolf Too,PG,Comedy,"November 20, 1987",United States,7888703.0,Atlantic Entertainment Group
Baby Boom,PG,Comedy,"October 30, 1987",United States,26712476.0,United Artists
84 Charing Cross Road,PG,Biography,"February 13, 1987",United Kingdom,1083486.0,Brooksfilms
The Gate,PG-13,Fantasy,"May 15, 1987",Canada,13539458.0,New Century Entertainment
Ernest Goes to Camp,PG,Comedy,"May 22, 1987",United States,23509382.0,Emshell Producers
Aria,R,Comedy,"September 15, 1987",United Kingdom,1028679.0,Lightyear Entertainment
Hamburger Hill,R,Action,"August 28, 1987",United States,13839404.0,RKO Pictures
Cherry 2000,PG-13,Action,"February 5, 1988",United States,,Orion Pictures
The Hidden,R,Horror,"October 30, 1987",United States,9747988.0,Heron Communications
The Bedroom Window,R,Crime,"January 16, 1987",United States,12640385.0,De Laurentiis Entertainment Group (DEG)
Barfly,R,Comedy,"October 16, 1987",United States,3221568.0,Golan-Globus Productions
Maid to Order,PG,Fantasy,"July 31, 1987",United States,9868521.0,Vista Organization
Blind Date,PG-13,Comedy,"March 27, 1987",United States,39337581.0,TriStar Pictures
Au Revoir les Enfants,PG,Drama,"February 12, 1988",France,4575613.0,Nouvelles Éditions de Films (NEF)
"Rita, Sue and Bob Too",R,Comedy,"May 29, 1987",United Kingdom,124167.0,British Screen Productions
Hope and Glory,PG-13,Comedy,"February 19, 1988",United Kingdom,10021120.0,Columbia Pictures
No Man's Land,R,Crime,"October 23, 1987",United States,2877571.0,Orion Pictures
Ishtar,PG-13,Action,"May 15, 1987",United States,14375181.0,Columbia Pictures
Tough Guys Don't Dance,R,Comedy,"September 18, 1987",United States,858250.0,Golan-Globus Productions
Stakeout,R,Action,"August 5, 1987",United States,65673233.0,Touchstone Pictures
Babette's Feast,G,Drama,"March 4, 1988",Denmark,4637920.0,Panorama Film A/S
The Garbage Pail Kids Movie,PG,Adventure,"August 22, 1987",United States,1576615.0,Atlantic Entertainment Group
Radio Days,PG,Comedy,"January 30, 1987",United States,14792779.0,Jack Rollins & Charles H. Joffe Productions
Bagdad Cafe,PG,Comedy,"April 22, 1988",West Germany,3731829.0,Pelemele Film
Project X,PG,Comedy,"April 17, 1987",United States,21589395.0,Amercent Films
Three O'Clock High,PG-13,Comedy,"October 9, 1987",United States,3685862.0,Aaron Spelling Productions
The Barbarians,R,Action,"March 20, 1987",Italy,800000.0,Canon Italia S.r.l.
North Shore,PG,Action,"August 14, 1987",United States,3832228.0,Finnegan/Pinchuk Productions
The Believers,R,Crime,"June 10, 1987",United States,18753438.0,Orion Pictures
House II: the Second Story,PG-13,Comedy,"August 28, 1987",United States,7800000.0,New World Pictures
Death Wish 4: The Crackdown,R,Action,"November 6, 1987",United States,6880310.0,Golan-Globus Productions
House of Games,R,Crime,"October 14, 1987",United States,2585639.0,Filmhaus
Cry Freedom,PG,Biography,"November 6, 1987",United Kingdom,5899797.0,Universal Pictures
Man on Fire,R,Action,"September 4, 1987",France,519596.0,7 Films Cinéma
Assassination,PG-13,Action,"January 9, 1987",United States,6075793.0,The Cannon Group
The Pick-up Artist,PG-13,Comedy,"September 18, 1987",United States,13290368.0,Amercent Films
Back to the Beach,PG,Comedy,"August 7, 1987",United States,13110903.0,Paramount Pictures
Someone to Watch Over Me,R,Crime,"October 9, 1987",United States,10278549.0,Columbia Pictures
Born in East L.A.,R,Comedy,"August 21, 1987",United States,17355263.0,Clear Type
Ironweed,R,Drama,"February 12, 1988",United States,7393346.0,Home Box Office (HBO)
Who's That Girl,PG,Comedy,"August 7, 1987",United States,7305209.0,The Guber-Peters Company
Extreme Prejudice,R,Action,"April 24, 1987",United States,11307844.0,Carolco Pictures
Matewan,PG-13,Drama,"August 28, 1987",United States,1680358.0,Cinecom Entertainment Group
Pelle the Conqueror,PG-13,Drama,"December 21, 1988",Denmark,2063688.0,Per Holst Filmproduktion
Suspect,R,Crime,"October 23, 1987",United States,18782400.0,TriStar Pictures
The Fourth Protocol,R,Thriller,"August 28, 1987",United Kingdom,12423831.0,Fourth Protocol
The Chipmunk Adventure,G,Animation,"May 22, 1987",United States,6804312.0,Bagdasarian Productions
The Allnighter,PG-13,Comedy,"May 1, 1987",United States,2700000.0,Aurora Productions LLC
Prom Night II,R,Horror,"October 16, 1987",Canada,2683519.0,British Columbia Television
Hiding Out,PG-13,Comedy,"November 6, 1987",United States,7019441.0,De Laurentiis Entertainment Group (DEG)
White Water Summer,PG,Adventure,"July 10, 1987",United States,300859.0,Columbia Pictures
Made in Heaven,PG,Comedy,"November 6, 1987",United States,4572845.0,Lorimar Motion Pictures
Best Seller,R,Action,"September 25, 1987",United States,4278150.0,Hemdale
Date with an Angel,PG,Comedy,"November 20, 1987",United States,1988962.0,De Laurentiis Entertainment Group (DEG)
Hunk,PG,Comedy,"March 6, 1987",United States,1749956.0,Marimark Productions
Real Men,PG-13,Action,"September 25, 1987",United States,873903.0,United Artists
Critical Condition,R,Comedy,"January 16, 1987",United States,20240502.0,Paramount Pictures
A Month in the Country,PG,Drama,"December 4, 1987",United Kingdom,,Channel Four Films
Outrageous Fortune,R,Comedy,"January 30, 1987",United States,52864741.0,Touchstone Pictures
Like Father Like Son,PG-13,Comedy,"October 2, 1987",United States,34377585.0,Imagine Films Entertainment
Steel Dawn,R,Action,"March 31, 1988",United States,562187.0,Independent Film Centre
Tin Men,R,Comedy,"March 13, 1987",United States,25411386.0,Touchstone Pictures
The Big Town,R,Drama,"September 25, 1987",United States,1733017.0,Albacore Productions Inc.
Light of Day,PG-13,Drama,"February 6, 1987",United States,10489617.0,TAFT Entertainment Pictures
Prison,R,Crime,"December 8, 1987",United States,345704.0,Empire Pictures
Wish You Were Here,R,Comedy,"July 24, 1987",United Kingdom,3283832.0,Channel Four Films
Gandahar,PG,Animation,"September 20, 1989",France,370698.0,Col.Ima.Son
Street Smart,R,Crime,"March 20, 1987",United States,1119112.0,Golan-Globus Productions
The Curse,R,Horror,"September 14, 1988",Italy,1930001.0,Trans World Entertainment (TWE)
The House on Carroll Street,PG,Thriller,,United States,459824.0,Orion Pictures
The Whales of August,Not Rated,Drama,"August 19, 1987",United States,1338198.0,Alive Films
Prick Up Your Ears,R,Biography,"May 8, 1987",United Kingdom,1672927.0,Zenith Entertainment
The Principal,R,Action,"September 18, 1987",United States,19734940.0,TriStar Pictures
American Ninja 2: The Confrontation,R,Action,"May 1, 1987",United States,4000000.0,Golan-Globus Productions
Housekeeping,PG,Comedy,"February 5, 1988",United States,1083282.0,Columbia Pictures
A Prayer for the Dying,R,Action,"September 11, 1987",United Kingdom,1432687.0,The Samuel Goldwyn Company
Slam Dance,R,Crime,"October 2, 1987",United Kingdom,406881.0,Zenith Entertainment
Rampage,R,Drama,"October 30, 1992",United States,796368.0,De Laurentiis Entertainment Group (DEG)
The Sicilian,R,Action,"October 23, 1987",United States,5406879.0,Gladden Entertainment
"Silent Night, Deadly Night Part 2",R,Horror,"April 10, 1987",United States,,Silent Night Releasing Corporation
Creepozoids,R,Horror,"October 2, 1987",United States,,Titan Productions
The Outing,R,Horror,"November 21, 1987",United States,1083395.0,H.I.T. Films
Nightflyers,R,Horror,"April 7, 1988",United States,1149470.0,Vista Organization
Fatal Beauty,R,Action,"October 30, 1987",United States,12046526.0,Metro-Goldwyn-Mayer (MGM)
Siesta,R,Drama,"November 11, 1987",United States,700000.0,Lorimar Motion Pictures
Leonard Part 6,PG,Action,"December 18, 1987",United States,4615255.0,Columbia Pictures
Boyfriends and Girlfriends,PG,Comedy,"July 15, 1988",France,824024.0,Les Films du Losange
White Mischief,R,Crime,"May 6, 1988",United Kingdom,3107551.0,Columbia Pictures
White of the Eye,R,Horror,"June 19, 1987",United Kingdom,,Mrs. White's Productions
Hot Pursuit,PG-13,Comedy,"May 8, 1987",United States,4215849.0,RKO Pictures
Hollywood Shuffle,R,Comedy,"March 20, 1987",United States,5228617.0,Conquering Unicorn
The Dead,PG,Drama,"December 18, 1987",United Kingdom,4370078.0,Vestron Pictures
Gardens of Stone,R,Drama,"May 8, 1987",United States,5262047.0,TriStar Pictures
Nuts,R,Drama,"December 11, 1987",United States,30950002.0,Warner Bros.
Four Adventures of Reinette and Mirabelle,Not Rated,Comedy,"July 19, 1989",France,22039.0,Compagnie Eric Rohmer (CER)
Walk Like a Man,PG,Comedy,"April 17, 1987",United States,,Metro-Goldwyn-Mayer (MGM)
Cross My Heart,R,Comedy,"November 13, 1987",United States,1025762.0,Northern
Walker,R,Biography,"December 4, 1987",United States,,In-Cine Compañía Industrial Cinematográfica
Malone,R,Action,"May 1, 1987",United States,3060858.0,Orion Pictures
Making Mr. Right,PG-13,Comedy,"April 3, 1987",United States,1584970.0,Barry & Enright Productions
Return to Horror High,R,Comedy,"February 20, 1987",United States,1189709.0,Balcor Film Investors
Straight to Hell,R,Action,"June 26, 1987",United Kingdom,210200.0,Commies From Mars Corporation
Hello Again,PG,Comedy,"November 6, 1987",United States,20419446.0,Touchstone Pictures
Promised Land,R,Drama,"January 22, 1988",United States,316199.0,Great American Films Limited Partnership
Dead of Winter,R,Drama,"February 6, 1987",United States,2413427.0,Metro-Goldwyn-Mayer (MGM)
"No Retreat, No Surrender 2",R,Adventure,"January 27, 1989",Hong Kong,,Seasonal Film Corporation
My Demon Lover,PG-13,Comedy,"April 24, 1987",United States,3922273.0,New Line Cinema
China Girl,R,Crime,"September 25, 1987",United States,1262091.0,Great American Films Limited Partnership
Five Corners,R,Crime,,United Kingdom,969205.0,Cineplex Odeon Films
The Squeeze,PG-13,Action,"July 10, 1987",United States,2228951.0,TriStar Pictures
Nadine,PG,Comedy,"August 7, 1987",United States,5669831.0,TriStar Pictures
Personal Services,R,Comedy,"May 15, 1987",United Kingdom,1744164.0,British Screen Productions
Cyclone,R,Action,"June 5, 1987",United States,,Cinetel Films
Three for the Road,PG,Drama,"July 24, 1987",United States,1539000.0,Vista Organization
Little Dorrit,G,Drama,"October 21, 1988",United Kingdom,1025228.0,Sands
The Year My Voice Broke,PG-13,Drama,"October 17, 1987",Australia,213901.0,Kennedy Miller Productions
The Belly of an Architect,R,Drama,"October 16, 1987",United Kingdom,,Callender Company
Pass the Ammo,R,Comedy,"March 4, 1988",United States,169785.0,The Vista Organisation
In the Mood,PG-13,Comedy,"September 16, 1987",United States,999382.0,Kings Road Entertainment
Surrender,PG,Comedy,"October 9, 1987",United States,5711976.0,The Cannon Group
Intervista,,Comedy,"November 6, 1992",Italy,138608.0,Aljosha
Square Dance,PG-13,Drama,"January 9, 1988",United States,225358.0,Island Pictures
Shy People,R,Drama,"March 11, 1988",United States,,The Cannon Group
A Man in Love,R,Drama,,France,949451.0,Alexandre Films
Disorderlies,PG,Comedy,"August 14, 1987",United States,10348437.0,Warner Bros.
Anguish,R,Horror,"January 8, 1988",Spain,,Luna Films
September,PG,Drama,"December 18, 1987",United States,486434.0,Jack Rollins & Charles H. Joffe Productions
Oci ciornie,,Comedy,"November 6, 1987",Italy,2201428.0,Excelsior Film-TV
Burglar,R,Comedy,"March 20, 1987",Canada,16337355.0,Nelvana
The Kindred,R,Horror,"January 30, 1987",United States,2407024.0,Kindred Limited Partnership
Julia and Julia,R,Drama,"February 5, 1988",Italy,901364.0,RAI Radiotelevisione Italiana
Russkies,PG,Drama,"November 6, 1987",United States,2189047.0,New Century Entertainment Corporation
"Sister, Sister",R,Drama,"February 9, 1988",United States,743445.0,New World Entertainment Films
From the Hip,PG,Comedy,"February 6, 1987",United States,9518342.0,De Laurentiis Entertainment Group (DEG)
Death Before Dishonor,R,Action,"February 20, 1987",United States,4546244.0,Balcor Film Investors
Cold Steel,R,Action,"April 9, 1988",United States,285885.0,Cinetel Films
Million Dollar Mystery,PG,Comedy,"June 12, 1987",United States,989033.0,De Laurentiis Entertainment Group (DEG)
The Glass Menagerie,PG,Drama,"May 27, 1987",United States,895904.0,Cineplex Odeon Films
Anna,PG-13,Drama,"November 28, 1987",United States,1236848.0,Magnus Films
Die Hard,R,Action,"July 20, 1988",United States,141603197.0,Twentieth Century Fox
Midnight Run,R,Action,"July 20, 1988",United States,81613606.0,Universal Pictures
Beetlejuice,PG,Comedy,"March 30, 1988",United States,74270074.0,The Geffen Company
Big,PG,Comedy,"June 3, 1988",United States,151927281.0,American Entertainment Partners II L.P.
Rain Man,R,Drama,"December 16, 1988",United States,354825435.0,United Artists
Running on Empty,PG-13,Crime,"September 9, 1988",United States,2847941.0,Double Play
They Live,R,Action,"November 4, 1988",United States,13008928.0,Alive Films
Willow,PG,Action,"May 20, 1988",United Kingdom,57269863.0,Metro-Goldwyn-Mayer (MGM)
Crocodile Dundee II,PG,Action,"May 25, 1988",Australia,239606210.0,Paramount Pictures
Heathers,R,Comedy,"March 31, 1989",United States,1163969.0,New World Pictures
Coming to America,R,Comedy,"June 29, 1988",United States,288752301.0,Paramount Pictures
Who Framed Roger Rabbit,PG,Animation,"June 22, 1988",United States,329803958.0,Touchstone Pictures
Mystic Pizza,R,Comedy,"October 21, 1988",United States,12793213.0,Night Life Inc.
Akira,R,Animation,"July 16, 1988",Japan,2562351.0,Akira Committee Company Ltd.
Cinema Paradiso,PG,Drama,"February 23, 1990",Italy,13019063.0,Cristaldifilm
Mississippi Burning,R,Crime,"January 27, 1989",United States,34603943.0,Orion Pictures
Child's Play,R,Fantasy,"November 9, 1988",United States,44196684.0,United Artists
Twins,PG,Comedy,"December 9, 1988",United States,216614388.0,Universal Pictures
The Naked Gun: from the Files of Police Squad!,PG-13,Comedy,"December 2, 1988",United States,78756177.0,Paramount Pictures
The Great Outdoors,PG,Comedy,"June 17, 1988",United States,43455230.0,Universal Pictures
Cocktail,R,Comedy,"July 29, 1988",United States,171504781.0,Touchstone Pictures
My Neighbor Totoro,G,Animation,"July 13, 1990",Japan,30550920.0,Tokuma Japan Communications
Young Guns,R,Action,"August 12, 1988",United States,45661556.0,Morgan Creek Entertainment
A Fish Called Wanda,R,Comedy,"July 29, 1988",United Kingdom,62493712.0,Metro-Goldwyn-Mayer (MGM)
Working Girl,R,Comedy,"December 21, 1988",United States,102953112.0,Twentieth Century Fox
Bloodsport,R,Action,"April 29, 1988",United States,11806119.0,Cannon International
The Last Temptation of Christ,R,Drama,"August 12, 1988",Canada,8865702.0,Universal Pictures
Married to the Mob,R,Comedy,"August 19, 1988",United States,21486757.0,Orion Pictures
The Land Before Time,G,Animation,"November 18, 1988",United States,84460846.0,Lucasfilm
Rambo III,R,Action,"May 25, 1988",United States,189015611.0,Carolco Pictures
The Accused,R,Crime,"October 14, 1988",Canada,32078318.0,Paramount Pictures
Dangerous Liaisons,R,Drama,"February 24, 1989",United States,34670720.0,Lorimar Film Entertainment
Earth Girls Are Easy,PG,Comedy,"May 12, 1989",United Kingdom,3916303.0,De Laurentiis Entertainment Group (DEG)
Hairspray,PG,Comedy,"February 26, 1988",United States,6673032.0,New Line Cinema
Dead Ringers,R,Drama,"September 23, 1988",Canada,8038508.0,Morgan Creek Entertainment
Bull Durham,R,Comedy,"June 15, 1988",United States,50888729.0,The Mount Company
The Big Blue,PG,Adventure,"August 19, 1988",France,3975244.0,Gaumont
The Unbearable Lightness of Being,R,Drama,"February 5, 1988",Sweden,10006806.0,The Saul Zaentz Company
The Blob,R,Horror,"August 5, 1988",United States,8247943.0,TriStar Pictures
Oliver & Company,G,Animation,"November 18, 1988",United States,74151346.0,Walt Disney Animation Studios
Two Moon Junction,R,Drama,"April 29, 1988",United States,1547397.0,DDM Film Corporation
Beaches,PG-13,Comedy,"January 13, 1989",United States,57041866.0,All Girl Productions
Red Heat,R,Action,"June 17, 1988",United States,34994648.0,Carolco Pictures
A Nightmare on Elm Street 4: The Dream Master,R,Horror,"August 19, 1988",United States,49369899.0,New Line Cinema
The Accidental Tourist,PG,Drama,"January 6, 1989",United States,32632093.0,Warner Bros.
The Adventures of Baron Munchausen,PG,Adventure,"March 10, 1989",United Kingdom,8083123.0,Prominent Features
Killer Klowns from Outer Space,PG-13,Comedy,"May 27, 1988",United States,,Sarlui / Diamant
Halloween 4: The Return of Michael Myers,R,Horror,"October 21, 1988",United States,17768757.0,Trancas International Films
Elvira: Mistress of the Dark,PG-13,Comedy,"September 30, 1988",United States,5596267.0,NBC Productions
Mac and Me,PG,Adventure,"August 12, 1988",United States,6424112.0,Mac and Me Joint Venture
Above the Law,R,Action,"April 22, 1988",United States,18869631.0,Warner Bros.
Scrooged,PG-13,Comedy,"November 23, 1988",United States,60329001.0,Paramount Pictures
The Dead Pool,R,Action,"July 13, 1988",United States,37903295.0,Warner Bros.
I'm Gonna Git You Sucka,R,Action,"January 11, 1989",United States,13030057.0,Front Films
Pumpkinhead,R,Fantasy,"January 13, 1989",United States,4385516.0,De Laurentiis Entertainment Group (DEG)
Dirty Rotten Scoundrels,PG,Comedy,"December 14, 1988",United States,42039085.0,Orion Pictures
Friday the 13th Part VII: the New Blood,R,Horror,"May 13, 1988",United States,19170001.0,Paramount Pictures
License to Drive,PG-13,Comedy,"July 6, 1988",United States,22433275.0,Twentieth Century Fox
Hellbound: Hellraiser II,R,Horror,"December 23, 1988",United Kingdom,12090735.0,New World Pictures
Frantic,R,Crime,"February 26, 1988",France,17637950.0,Warner Bros.
Colors,R,Action,"April 29, 1988",United States,46616067.0,Orion Pictures
My Stepmother Is an Alien,PG-13,Comedy,"December 9, 1988",United States,13854000.0,Weintraub Entertainment Group
A Cry in the Dark,PG-13,Biography,"November 11, 1988",Australia,6908797.0,Cannon Entertainment
The Lair of the White Worm,R,Comedy,"October 21, 1988",United Kingdom,1189315.0,White Lair
High Spirits,PG-13,Comedy,"November 18, 1988",Ireland,8578231.0,Vision PDG
Vampire's Kiss,R,Comedy,"June 16, 1989",United States,725131.0,Hemdale
Return of the Living Dead II,R,Comedy,"January 15, 1988",United States,9205924.0,Lorimar Motion Pictures
The New Adventures of Pippi Longstocking,G,Adventure,"July 29, 1988",Sweden,3569939.0,Columbia Pictures
Eight Men Out,PG,Drama,"June 29, 1989",United States,5680515.0,Orion Pictures
Stand and Deliver,PG,Biography,"March 11, 1988",United States,13994920.0,American Playhouse
Maniac Cop,R,Action,"May 13, 1988",United States,671382.0,Shapiro-Glickenhaus Entertainment
Women on the Verge of a Nervous Breakdown,R,Comedy,"November 11, 1988",Spain,7263129.0,Laurenfilm
She's Having a Baby,PG-13,Comedy,"February 5, 1988",United States,16031707.0,Paramount Pictures
Police Academy 5: Assignment: Miami Beach,PG,Comedy,"March 18, 1988",United States,19510371.0,Warner Bros.
Tequila Sunrise,R,Crime,"December 2, 1988",United States,41292551.0,Cinema City Films
Night of the Demons,R,Comedy,"October 14, 1988",United States,3109904.0,Blue Rider Pictures
Biloxi Blues,PG-13,Comedy,"March 25, 1988",United States,51684798.0,Rastar Pictures
Shag,PG,Comedy,"July 21, 1989",United Kingdom,6957975.0,Palace Pictures
Cocoon: the Return,PG,Adventure,"November 23, 1988",United States,25024919.0,Zanuck/Brown Productions
Poltergeist III,PG,Horror,"June 10, 1988",United States,14114488.0,Metro-Goldwyn-Mayer (MGM)
Waxwork,R,Comedy,"June 17, 1988",United States,808114.0,Palla
Funny Farm,PG,Comedy,"June 3, 1988",United States,25537221.0,Cornelius Productions
As Tears Go By,Not Rated,Crime,"May 2, 2008",Hong Kong,13133.0,In-Gear Film Production
Fright Night Part 2,R,Comedy,"May 19, 1989",United States,2983784.0,Vista Organization
Caddyshack II,PG,Comedy,"July 22, 1988",United States,11798302.0,The Guber-Peters Company
School Daze,R,Comedy,"February 12, 1988",United States,14545844.0,Columbia Pictures
Johnny Be Good,R,Comedy,"March 25, 1988",United States,17550399.0,Zacharias-Buhai Productions
Taffin,R,Action,"February 26, 1988",United Kingdom,159969.0,United British Artists (UBA)
Short Circuit 2,PG,Comedy,"July 6, 1988",United States,21630088.0,TriStar Pictures
The Serpent and the Rainbow,R,Fantasy,"February 5, 1988",United States,19595031.0,Universal Pictures
A Night in the Life of Jimmy Reardon,R,Comedy,"February 26, 1988",United States,6264058.0,Island Pictures
The Presidio,R,Action,"June 10, 1988",United States,20324096.0,Paramount Pictures
Big Business,PG,Comedy,"June 10, 1988",United States,40150487.0,Touchstone Pictures
Monkey Shines,R,Drama,"July 29, 1988",United States,5344577.0,Orion Pictures
The Seventh Sign,R,Drama,"April 1, 1988",United States,18875011.0,TriStar Pictures
Time of the Gypsies,R,Comedy,"February 9, 1990",Yugoslavia,,Forum Sarajevo
Masquerade,R,Drama,"March 11, 1988",United States,15855828.0,Metro-Goldwyn-Mayer (MGM)
Phantasm II,R,Action,"July 8, 1988",United States,7282851.0,Spacegate Productions
Tucker: The Man and His Dream,PG,Biography,"August 12, 1988",United States,19652638.0,Lucasfilm
Action Jackson,R,Action,"February 12, 1988",United States,20256975.0,Lorimar Film Entertainment
"Bright Lights, Big City",R,Drama,"April 1, 1988",United States,16118077.0,United Artists
Shoot to Kill,R,Action,"February 12, 1988",United States,29300090.0,Touchstone Pictures
The Beast of War,R,Adventure,"September 7, 1988",United States,161004.0,A&M Films
Lady in White,PG-13,Fantasy,"April 22, 1988",United States,1705139.0,New Sky Communications Inc.
Gorillas in the Mist,PG-13,Biography,"October 7, 1988",United States,61149479.0,Universal Pictures
Alien Nation,R,Action,"October 7, 1988",United States,32155047.0,American Entertainment Partners II L.P.
Betrayed,R,Crime,"August 26, 1988",Japan,25816139.0,United Artists
Miracle Mile,R,Action,"May 19, 1989",United States,1145404.0,Hemdale
Buster,R,Comedy,"November 23, 1988",United Kingdom,540000.0,The Movie Group
Big Top Pee-wee,PG,Adventure,"July 22, 1988",United States,15122324.0,Paramount Pictures
For Keeps?,PG-13,Comedy,"January 15, 1988",United States,17514553.0,TriStar Pictures
Appointment with Death,PG,Crime,"April 27, 1988",United States,960040.0,Golan-Globus Productions
Some Girls,R,Comedy,"September 9, 1988",United Kingdom,401421.0,Metro-Goldwyn-Mayer (MGM)
Critters 2,PG-13,Comedy,"April 29, 1988",United States,3813293.0,New Line Cinema
Dead Heat,R,Action,"May 6, 1988",United States,3588626.0,New World Pictures
Talk Radio,R,Drama,"January 13, 1989",United States,3468572.0,Cineplex Odeon Films
Satisfaction,PG-13,Comedy,"February 12, 1988",United States,8253123.0,National Broadcasting Company (NBC)
The Bear,PG,Adventure,"October 27, 1989",France,31753898.0,Price
The Milagro Beanfield War,R,Comedy,"March 18, 1988",United States,13825794.0,Esparza
18 Again!,PG,Comedy,"April 8, 1988",United States,2567099.0,New World Entertainment Films
Vice Versa,PG,Comedy,"March 11, 1988",United States,13664060.0,Columbia Pictures
Fresh Horses,PG-13,Drama,"November 18, 1988",United States,6640346.0,Weintraub Entertainment Group
Bat*21,R,Drama,"October 21, 1988",United States,3966256.0,TriStar Pictures
Casual Sex?,R,Comedy,"April 22, 1988",United States,12277096.0,Jascat
Jack's Back,R,Crime,"May 6, 1988",United States,,Cinema Group
Bird,R,Biography,"September 30, 1988",United States,2181286.0,The Malpaso Company
Stealing Home,PG-13,Drama,"August 26, 1988",United States,7467504.0,The Mount Company
Salaam Bombay!,Not Rated,Crime,"October 7, 1988",United States,2080758.0,Mirabai Films
Young Einstein,PG,Comedy,"August 4, 1989",Australia,11536599.0,Warner Bros.
Punchline,R,Comedy,"October 7, 1988",United States,21042667.0,Columbia Pictures
Return to Snowy River,PG,Adventure,"April 15, 1988",Australia,13687027.0,Burrowes Film Group
Moving,R,Comedy,"March 4, 1988",United States,10815378.0,Warner Bros.
And God Created Woman,R,Comedy,"March 4, 1988",United States,717376.0,Vestron Pictures
High Hopes,PG,Comedy,"May 25, 1989",United Kingdom,1192322.0,Portman Productions
Little Nikita,PG,Drama,"March 18, 1988",United States,1733070.0,Columbia Pictures
Camille Claudel,R,Biography,"December 21, 1989",France,3331297.0,Les Films Christian Fechner
Torch Song Trilogy,R,Comedy,"December 14, 1988",United States,4870903.0,New Line Cinema
Vibes,PG,Adventure,"August 5, 1988",United States,1883811.0,Imagine Entertainment
36 fillette,,Romance,"January 6, 1989",France,,CB Films
D.O.A.,R,Mystery,"March 18, 1988",United States,12706478.0,Bigelow Productions
Braddock: Missing in Action III,R,Action,"January 22, 1988",United States,6193901.0,The Cannon Group
Red Scorpion,R,Action,"April 21, 1989",United States,4192440.0,Abramoff Production
Drowning by Numbers,R,Comedy,,United Kingdom,424773.0,Film Four International
Watchers,R,Action,"December 2, 1988",Canada,940173.0,Concorde Pictures
Rocket Gibraltar,PG,Drama,"September 2, 1988",United States,187349.0,Columbia Pictures
The Unholy,R,Horror,"April 22, 1988",United States,6337299.0,Vestron Pictures
Not of This Earth,R,Comedy,"May 20, 1988",United States,,Miracle Pictures
A New Life,PG-13,Comedy,"March 25, 1988",United States,7721852.0,Paramount Pictures
1969,R,Drama,"November 18, 1988",United States,5979011.0,Atlantic Entertainment Group
Arthur 2: on the Rocks,PG,Comedy,"July 8, 1988",United States,14681192.0,Warner Bros.
Messenger of Death,R,Action,"September 17, 1988",United States,3074681.0,The Cannon Group
Memories of Me,PG-13,Comedy,"October 7, 1988",United States,3965604.0,Metro-Goldwyn-Mayer (MGM)
Chocolat,PG-13,Drama,,France,2319801.0,Caroline Productions
The Couch Trip,R,Comedy,"January 15, 1988",United States,11005304.0,Orion Pictures
Without a Clue,PG,Comedy,"October 21, 1988",United Kingdom,8539181.0,Incorporated Television Company (ITC)
Bad Dreams,R,Horror,"April 8, 1988",United States,9797098.0,No Frills Film Production
Another Woman,PG,Drama,"November 18, 1988",United States,1562749.0,Jack Rollins & Charles H. Joffe Productions
Paperhouse,PG-13,Drama,"February 17, 1989",United Kingdom,241278.0,Working Title Films
Sunset,R,Crime,"April 29, 1988",United States,4594452.0,Cecchi Gori Group Tiger Cinematografica
Cop,R,Crime,"March 11, 1988",United States,1984315.0,Atlantic Entertainment Group
Pulse,PG-13,Horror,"March 4, 1988",United States,40397.0,Aspen Film Society
Stormy Monday,R,Crime,,United Kingdom,1791328.0,Atlantic Entertainment Group
Heart of Midnight,R,Drama,"March 3, 1989",United States,,Virgin Vision
Switching Channels,PG,Comedy,"March 4, 1988",United States,9129999.0,TriStar Pictures
Miles from Home,R,Action,"September 16, 1988",United States,188964.0,Cinecom Pictures
Clean and Sober,R,Drama,"August 10, 1988",United States,8674093.0,Imagine Films Entertainment
Crossing Delancey,PG,Comedy,"September 16, 1988",United States,16262415.0,Warner Bros.
Things Change,PG,Comedy,"October 21, 1988",United States,3527886.0,Columbia Pictures
Kansas,R,Crime,"September 23, 1988",United States,2432536.0,Trans World Entertainment (TWE)
Hot to Trot,PG,Comedy,"August 26, 1988",United States,6436211.0,Warner Bros.
Shakedown,R,Action,"May 6, 1988",United States,10068039.0,Shapiro-Glickenhaus Entertainment
976-EVIL,R,Comedy,"March 24, 1989",United States,2955917.0,Cinetel Films
Pascali's Island,PG-13,Drama,,United Kingdom,1451857.0,Avenue Pictures
Everybody's All-American,R,Drama,"November 4, 1988",United States,12638294.0,New Visions
Heartbreak Hotel,PG-13,Comedy,"September 30, 1988",United States,5509417.0,Silver Screen Partners III
The Chocolate War,R,Drama,"November 18, 1988",United States,303624.0,Management Company Entertainment Group (MCEG)
It Takes Two,PG-13,Comedy,"July 13, 1988",United States,344375.0,United Artists
Iron Eagle II,PG,Action,"November 11, 1988",Canada,10497324.0,Carolco Pictures
Party Line,R,Thriller,,United States,,Westwind
The Kiss,R,Drama,"October 14, 1988",Canada,1869148.0,TriStar Pictures
Spellbinder,R,Drama,"September 23, 1988",United States,657446.0,Metro-Goldwyn-Mayer (MGM)
Patty Hearst,R,Biography,"September 23, 1988",United Kingdom,1223326.0,Atlantic Entertainment Group
A Handful of Dust,PG,Drama,"June 24, 1988",United Kingdom,1560700.0,Handful of Dust
Criminal Law,R,Crime,"April 28, 1989",United States,9974446.0,Hemdale
A Summer Story,PG-13,Drama,"July 23, 1988",United Kingdom,,Incorporated Television Company (ITC)
Platoon Leader,R,Drama,,United States,1348771.0,Cannon International
The Girl in a Swing,R,Drama,"September 29, 1989",United Kingdom,747013.0,Panorama
Permanent Record,PG-13,Drama,"April 22, 1988",United States,1893139.0,Paramount Pictures
Hero and the Terror,R,Action,"August 26, 1988",United States,5301200.0,Golan-Globus Productions
Illegally Yours,PG,Comedy,"May 13, 1988",United States,259019.0,Crescent Moon
Track 29,R,Drama,"July 12, 1988",United Kingdom,429028.0,HandMade Films
"Distant Voices, Still Lives",PG-13,Drama,"November 16, 1988",United Kingdom,771745.0,British Film Institute (BFI)
Ernest Saves Christmas,PG,Comedy,"November 11, 1988",United States,28202109.0,Touchstone Pictures
Feds,PG-13,Comedy,"October 28, 1988",United States,3838793.0,Warner Bros.
Moon Over Parador,PG-13,Comedy,"September 9, 1988",United States,11444204.0,Universal Pictures
Salome's Last Dance,R,Biography,,United Kingdom,,Jolly Russell Productions
Off Limits,R,Action,"March 11, 1988",United States,7242035.0,Twentieth Century Fox
Tapeheads,R,Comedy,"October 21, 1988",United States,343786.0,Front Films
Apartment Zero,R,Drama,"September 15, 1989",United Kingdom,1267578.0,Producers Representative Organization
The Good Mother,R,Drama,"November 4, 1988",United States,4764606.0,Touchstone Pictures
Indiana Jones and the Last Crusade,PG-13,Action,"May 24, 1989",United States,474171806.0,Paramount Pictures
Road House,R,Action,"May 19, 1989",United States,30050028.0,Silver Pictures
Batman,PG-13,Action,"June 23, 1989",United States,411508343.0,Warner Bros.
Bill & Ted's Excellent Adventure,PG,Adventure,"February 17, 1989",United States,40508994.0,De Laurentiis Entertainment Group (DEG)
Field of Dreams,PG,Drama,"May 5, 1989",United States,84431625.0,Gordon Company
Dead Poets Society,PG,Comedy,"June 9, 1989",United States,235860116.0,Touchstone Pictures
The Little Mermaid,G,Animation,"November 17, 1989",United States,211343479.0,Walt Disney Pictures
The Abyss,PG-13,Adventure,"August 9, 1989",United States,90000098.0,Twentieth Century Fox
Back to the Future Part II,PG,Adventure,"November 22, 1989",United States,332500002.0,Universal Pictures
Do the Right Thing,R,Comedy,"July 21, 1989",United States,37295445.0,40 Acres & A Mule Filmworks
"Honey, I Shrunk the Kids",PG,Adventure,"June 23, 1989",United States,222724172.0,Walt Disney Pictures
Turner & Hooch,PG,Comedy,"July 28, 1989",United States,71079915.0,Touchstone Pictures
Weekend at Bernie's,PG-13,Adventure,"July 5, 1989",United States,30218387.0,Gladden Entertainment
The Karate Kid Part III,PG,Action,"June 30, 1989",United States,38956288.0,Columbia Pictures
"Sex, Lies, and Videotape",R,Drama,"September 22, 1989",United States,24741667.0,Outlaw Productions (I)
When Harry Met Sally...,R,Comedy,"July 21, 1989",United States,93232006.0,Castle Rock Entertainment
Major League,R,Comedy,"April 7, 1989",United States,49797148.0,Mirage Enterprises
Steel Magnolias,PG,Comedy,"November 22, 1989",United States,96759512.0,TriStar Pictures
Pet Sematary,R,Fantasy,"April 21, 1989",United States,57470138.0,Paramount Pictures
Uncle Buck,PG,Comedy,"August 16, 1989",United States,79258538.0,Universal Pictures
Ghostbusters II,PG,Action,"June 16, 1989",United States,215394738.0,Columbia Pictures
Tango & Cash,R,Action,"December 22, 1989",United States,63408614.0,Warner Bros.
Born on the Fourth of July,R,Biography,"January 5, 1990",United States,161001698.0,Ixtlan
Glory,R,Biography,"February 16, 1990",United States,26979166.0,TriStar Pictures
Parenthood,PG-13,Comedy,"August 2, 1989",United States,126297830.0,Imagine Entertainment
Lethal Weapon 2,R,Action,"July 7, 1989",United States,227853986.0,Warner Bros.
National Lampoon's Christmas Vacation,PG-13,Comedy,"December 1, 1989",United States,73594646.0,Warner Bros.
The 'Burbs,PG,Comedy,"February 17, 1989",United States,49101993.0,Imagine Entertainment
Say Anything,PG-13,Comedy,"April 14, 1989",United States,21515196.0,Gracie Films
License to Kill,PG-13,Action,"July 14, 1989",United Kingdom,156167015.0,Danjaq
Shirley Valentine,R,Comedy,"August 30, 1989",United Kingdom,6056912.0,Paramount Pictures
Harlem Nights,R,Comedy,"November 17, 1989",United States,60864870.0,Eddie Murphy Productions
Lock Up,R,Action,"August 4, 1989",United States,22099847.0,White Eagle
"The Cook, the Thief, His Wife & Her Lover",X,Crime,"April 6, 1990",Netherlands,7724701.0,Allarts
Warlock,R,Action,"January 11, 1991",United States,9094451.0,New World Pictures
"See No Evil, Hear No Evil",R,Comedy,"May 12, 1989",United States,46908987.0,TriStar Pictures
Casualties of War,R,Action,"August 18, 1989",United States,18671317.0,Art Linson Productions
The Package,R,Action,"August 25, 1989",United States,10647219.0,Orion Pictures
My Left Foot,R,Biography,"March 30, 1990",Ireland,14743391.0,Ferndale Films
The War of the Roses,R,Comedy,"December 8, 1989",United States,160188546.0,Twentieth Century Fox
Wild Orchid,R,Drama,"April 27, 1990",United States,11060485.0,Vision PDG
Little Monsters,PG,Adventure,"August 25, 1989",United States,793775.0,Davis Entertainment
The Wizard,PG,Adventure,"December 15, 1989",United States,14278900.0,Carolco Pictures
UHF,PG-13,Comedy,"July 21, 1989",United States,6157157.0,Cinecorp SAC
Look Who's Talking,PG-13,Comedy,"October 13, 1989",United States,296999813.0,TriStar Pictures
Star Trek V: The Final Frontier,PG,Action,"June 9, 1989",United States,52210049.0,Paramount Pictures
Tie Me Up! Tie Me Down!,NC-17,Comedy,"January 22, 1990",Spain,4088140.0,El Deseo
All Dogs Go to Heaven,G,Animation,"November 17, 1989",Ireland,27100027.0,Goldcrest Films International
Cyborg,R,Action,"April 7, 1989",United States,10166459.0,Cannon Entertainment
Always,PG,Drama,"December 22, 1989",United States,74134790.0,Universal Pictures
Leviathan,R,Adventure,"March 17, 1989",United States,15704614.0,Filmauro
Best of the Best,PG-13,Action,"November 10, 1989",United States,1700000.0,The Movie Group
Dead Calm,R,Horror,"April 7, 1989",Australia,7825009.0,Kennedy Miller Productions
Kickboxer,R,Action,"September 8, 1989",United States,14697005.0,Kings Road Entertainment
Black Rain,R,Action,"September 22, 1989",United States,134212055.0,Paramount Pictures
Troop Beverly Hills,PG,Adventure,"March 24, 1989",United States,8508843.0,Weintraub Entertainment Group
Driving Miss Daisy,PG,Drama,"January 26, 1990",United States,145793296.0,The Zanuck Company
Drugstore Cowboy,R,Crime,"October 20, 1989",United States,4729352.0,Avenue Pictures
A Nightmare on Elm Street 5: The Dream Child,R,Fantasy,"August 11, 1989",United States,22168359.0,New Line Cinema
Dream a Little Dream,PG-13,Comedy,"March 3, 1989",United States,5552441.0,Lightning Pictures
Halloween 5: The Revenge of Michael Myers,R,Horror,"October 13, 1989",United States,11642254.0,Magnum Pictures Inc.
DeepStar Six,R,Action,"January 13, 1989",United States,8143225.0,Carolco Entertainment
Sea of Love,R,Crime,"September 15, 1989",United States,110879513.0,Universal Pictures
Skin Deep,R,Comedy,"March 3, 1989",United States,19674852.0,Beco Films
K-9,PG-13,Action,"April 28, 1989",United States,78247647.0,Gordon Company
Lean on Me,PG-13,Drama,"March 3, 1989",United States,31906454.0,Norman Twain Productions
Henry V,PG-13,Action,"November 8, 1989",United Kingdom,10161099.0,Renaissance Films
She's Out of Control,PG,Comedy,"April 14, 1989",United States,12065892.0,Weintraub Entertainment Group
Friday the 13th Part VIII: Jason Takes Manhattan,R,Adventure,"July 28, 1989",Canada,14343976.0,Paramount Pictures
Teen Witch,PG-13,Comedy,"April 28, 1989",United States,27843.0,Trans World Entertainment (TWE)
Valmont,R,Drama,"November 17, 1989",France,1132112.0,Renn Productions
Scandal,R,Drama,"April 28, 1989",United Kingdom,8800000.0,British Screen Productions
The Fabulous Baker Boys,R,Comedy,"October 13, 1989",United States,18428904.0,Gladden Entertainment
Shocker,R,Comedy,"October 27, 1989",United States,16554699.0,Alive Films
Next of Kin,R,Action,"October 20, 1989",United States,15942628.0,Lorimar Film Entertainment
The Fly II,R,Drama,"February 10, 1989",United States,38903179.0,Brooksfilms
She-Devil,PG-13,Comedy,"December 8, 1989",United States,15351421.0,Orion Pictures
Mystery Train,R,Comedy,"November 17, 1989",Japan,1544973.0,JVC Entertainment Networks
Blaze,R,Biography,"December 13, 1989",United States,19131246.0,Touchstone Pictures
The Rainbow,R,Action,"May 26, 1989",United Kingdom,444055.0,Vestron Pictures
Gleaming the Cube,PG-13,Action,"January 13, 1989",United States,2777280.0,David Foster Productions
Fletch Lives,PG,Comedy,"March 17, 1989",United States,39450960.0,Universal Pictures
Communion,R,Biography,"November 10, 1989",United States,1919653.0,Allied Vision
Erik the Viking,PG-13,Comedy,"September 22, 1989",United Kingdom,1932642.0,KB Erik the Viking
Crimes and Misdemeanors,PG-13,Comedy,"November 3, 1989",United States,18254702.0,Jack Rollins & Charles H. Joffe Productions
An Innocent Man,R,Action,"October 6, 1989",United States,20047604.0,Interscope Communications
Let It Ride,PG-13,Comedy,"August 18, 1989",United States,4973285.0,Alleged Productions
Loverboy,PG-13,Comedy,"April 28, 1989",United States,3960327.0,Crescent Film Enterprises
Kill Me Again,R,Action,"October 27, 1989",United States,283694.0,Incorporated Television Company (ITC)
The Gods Must Be Crazy II,PG,Comedy,"April 13, 1990",South Africa,6291444.0,Elrina Investment
Millennium,PG-13,Drama,"August 25, 1989",United States,5777099.0,First Millenium Partnership
Chances Are,PG,Comedy,"March 10, 1989",United States,16278590.0,TriStar Pictures
The Dream Team,PG-13,Comedy,"April 7, 1989",United States,28890240.0,Universal Pictures
Last Exit to Brooklyn,R,Drama,"May 4, 1990",United Kingdom,1730005.0,Allied Filmmakers
Little Nemo: Adventures in Slumberland,G,Animation,"August 21, 1992",Japan,1368000.0,TMS Entertainment
Kinjite: Forbidden Subjects,R,Action,"February 3, 1989",United States,3416846.0,Golan-Globus Productions
Great Balls of Fire!,PG-13,Biography,"June 30, 1989",United States,13741060.0,Orion Pictures
New York Stories,PG,Comedy,"March 10, 1989",United States,10763469.0,Touchstone Pictures
Cousins,PG-13,Comedy,"February 10, 1989",United States,22026369.0,Paramount Pictures
Blind Fury,R,Action,"March 16, 1990",United States,2692037.0,TriStar Pictures
The Return of Swamp Thing,PG-13,Action,"May 12, 1989",United States,192816.0,Lightyear Entertainment
The January Man,R,Action,"January 13, 1989",United States,4611062.0,Metro-Goldwyn-Mayer (MGM)
We're No Angels,PG-13,Comedy,"December 15, 1989",United States,10555348.0,Paramount Pictures
Johnny Handsome,R,Crime,"September 29, 1989",United States,7237794.0,Carolco Pictures
Who's Harry Crumb?,PG-13,Comedy,"February 3, 1989",United States,10982364.0,TriStar Pictures
The Mighty Quinn,R,Action,"February 17, 1989",United States,4557214.0,A&M Films
Fat Man and Little Boy,PG-13,Biography,"October 20, 1989",United States,3563162.0,Paramount Pictures
Police Academy 6: City Under Siege,PG,Comedy,"March 10, 1989",United States,11567217.0,Warner Bros.
Her Alibi,PG,Comedy,"February 3, 1989",United States,18699037.0,Warner Bros.
The Blood of Heroes,R,Action,"February 23, 1990",Australia,882290.0,Kings Road Entertainment
Pink Cadillac,PG-13,Action,"May 26, 1989",United States,12143484.0,Malpaso Productions
Three Fugitives,PG-13,Action,"January 27, 1989",United States,40586886.0,Touchstone Pictures
Robot Jox,PG,Action,"November 21, 1990",United States,1272977.0,Empire Pictures
No Holds Barred,PG-13,Action,"June 2, 1989",United States,16093651.0,New Line Cinema
Family Business,R,Crime,"December 15, 1989",United States,12195695.0,TriStar Pictures
Wicked Stepmother,PG-13,Comedy,"February 3, 1989",United States,,Larco Productions
Chattahoochee,R,Biography,"April 20, 1990",United States,259486.0,Hemdale
Stepfather II: Make Room for Daddy,R,Horror,"November 3, 1989",United Kingdom,1519796.0,Incorporated Television Company (ITC)
Eddie and the Cruisers II: Eddie Lives!,PG-13,Drama,"August 18, 1989",Canada,536508.0,Scotti Brothers Pictures (I)
The Big Picture,PG-13,Comedy,"December 15, 1989",United States,117463.0,Aspen Film Society
Parents,R,Comedy,"January 27, 1989",Canada,870532.0,Great American Films Limited Partnership
Jacknife,R,Drama,"March 10, 1989",United States,2049769.0,Kings Road Entertainment
Dad,PG,Comedy,"November 10, 1989",United States,27503037.0,Amblin Entertainment
Speed Zone,PG,Action,"April 21, 1989",Canada,3077361.0,Canadian International Studios VIII
How to Get Ahead in Advertising,R,Comedy,"March 29, 1990",United Kingdom,418053.0,HandMade Films
Lisa,PG-13,Drama,"October 20, 1989",United States,4347648.0,Gary Sherman Productions
Out Cold,R,Comedy,"March 3, 1989",United States,294266.0,Braunstein and Hamady Productions
Longtime Companion,R,Drama,"May 1, 1990",United States,4609953.0,American Playhouse
Happily Ever After,G,Animation,"May 28, 1993",United States,3299382.0,Filmation Associates
Heart of Dixie,PG,Drama,"August 25, 1989",United States,1097333.0,
Tap,PG-13,Comedy,"February 10, 1989",United States,9114702.0,Beco Films
A Dry White Season,R,Drama,"September 20, 1989",United States,3766879.0,Davros Films
The Phantom of the Opera,R,Drama,"November 3, 1989",United States,3953745.0,21st Century Film Corporation
The Experts,PG-13,Comedy,"January 13, 1989",Canada,169203.0,Paramount Pictures
Triumph of the Spirit,R,Biography,"December 23, 1989",United States,408839.0,Nova International Films
The Unbelievable Truth,R,Comedy,"November 8, 1990",United States,,Action Features
True Believer,R,Crime,"February 17, 1989",United States,8742750.0,Columbia Pictures
The Horror Show,R,Horror,"April 28, 1989",United States,1738897.0,Sean S. Cunningham Films
The Tall Guy,R,Comedy,"September 21, 1990",United Kingdom,510712.0,London Weekend Television (LWT)
The Toxic Avenger Part II,R,Action,"February 24, 1989",United States,792966.0,Lorimar Film Entertainment
Dead Bang,R,Action,"March 24, 1989",United States,8125592.0,Lorimar Film Entertainment
Music Box,PG-13,Crime,"January 19, 1990",United States,6263883.0,Carolco Pictures
Gross Anatomy,PG-13,Drama,"October 20, 1989",United States,11604598.0,Hill/Rosenman
Violent Cop,Not Rated,Action,"July 16, 1999",Japan,,Bandai Media Department
Renegades,R,Action,"June 2, 1989",United States,9015164.0,Morgan Creek Entertainment
Sing,PG-13,Drama,"March 31, 1989",United States,2260616.0,TriStar Pictures
Sweetie,R,Comedy,"September 28, 1989",Australia,938562.0,Arenafilm
Listen to Me,PG-13,Drama,"May 5, 1989",United States,4299023.0,Weintraub Entertainment Group
Miss Firecracker,PG,Comedy,"January 19, 1990",United States,1852655.0,Corsair Pictures
The Rachel Papers,R,Drama,"May 12, 1989",United Kingdom,201468.0,Initial Film and Television
Wired,R,Biography,"August 25, 1989",United States,1089000.0,FM Entertainment
Lost Angels,R,Drama,"May 5, 1989",United States,1247946.0,
Jesus of Montreal,R,Drama,"May 25, 1990",Canada,1601612.0,Max Films Productions
Rooftops,R,Action,"March 17, 1989",United States,2043889.0,Koch Company
After Midnight,R,Horror,"November 3, 1989",United States,76325.0,High Bar Productions
Disorganized Crime,R,Action,"April 14, 1989",United States,7723506.0,Kouf/Bigelow Productions
Slaves of New York,R,Comedy,,United States,463972.0,TriStar Pictures
Damned River,R,Action,"October 13, 1989",United States,,Metro-Goldwyn-Mayer (MGM)
My Twentieth Century,,Comedy,"January 13, 1990",Hungary,,Budapest Stúdió Vállalat
Scenes from the Class Struggle in Beverly Hills,R,Comedy,,United States,2156471.0,North Street Films
The Terror Within,R,Horror,"January 20, 1989",United States,858591.0,Concorde Pictures
Farewell to the King,PG-13,Action,"March 3, 1989",United States,2420917.0,Cine Location Services
See You in the Morning,PG-13,Drama,"April 21, 1989",United States,4795009.0,Lorimar Film Entertainment
"I, Madman",R,Fantasy,"April 7, 1989",Canada,,Trans World Entertainment (TWE)
Immediate Family,PG-13,Drama,"October 27, 1989",United States,5932613.0,Columbia Pictures
In Country,R,Drama,"September 29, 1989",United States,3531971.0,Warner Bros.
Winter People,PG-13,Drama,"April 14, 1989",United States,2023282.0,Castle Rock Entertainment
"Enemies, A Love Story",R,Comedy,"December 13, 1989",United States,7754571.0,Morgan Creek Entertainment
American Ninja 3: Blood Hunt,R,Action,"February 24, 1989",United States,902152.0,Breton Film Productions
Physical Evidence,R,Crime,"January 27, 1989",United States,3560932.0,Columbia Pictures
Worth Winning,PG-13,Comedy,"October 27, 1989",United States,3690328.0,A&M Films
Edge of Sanity,R,Horror,"April 14, 1989",United Kingdom,,Allied Vision
Brenda Starr,PG,Adventure,"April 15, 1992",United States,67878.0,AM/PM Entertainment
How I Got Into College,PG-13,Comedy,"May 19, 1989",United States,1642239.0,Twentieth Century Fox
Mortal Passions,R,Crime,"January 26, 1990",United States,,Gibraltar Entertainment
Old Gringo,R,Adventure,"October 6, 1989",United States,3574256.0,Columbia Pictures
Relentless,R,Crime,"August 30, 1989",United States,6985999.0,Cinetel Films
Cheetah,G,Adventure,"August 18, 1989",United States,8153677.0,Silver Screen Partners III
Monsieur Hire,PG-13,Crime,,France,1417030.0,Cinéa
Prancer,G,Drama,"November 17, 1989",United States,18587135.0,Cineplex Odeon Films
Too Beautiful for You,R,Comedy,,France,1776440.0,Ciné Valse
Getting It Right,R,Comedy,"May 5, 1989",United Kingdom,960385.0,Management Company Entertainment Group (MCEG)
Rude Awakening,R,Comedy,"August 16, 1989",United States,3169719.0,Aaron Russo Entertainment
Cookie,R,Comedy,"August 23, 1989",United States,1869417.0,Lorimar Film Entertainment
Bloodhounds of Broadway,PG,Comedy,"November 3, 1989",United States,43671.0,American Playhouse Theatrical Films
The Toxic Avenger Part III: The Last Temptation of Toxie,R,Action,"November 24, 1989",United States,363561.0,Troma Entertainment
River of Death,R,Action,"September 29, 1989",United States,,Breton Film Productions
Staying Together,R,Comedy,"November 10, 1989",United States,4348025.0,
Fast Food,PG-13,Comedy,"April 28, 1989",United States,,Double Helix Films
Martians Go Home,PG-13,Comedy,"April 20, 1990",United States,129778.0,Edward R. Pressman Productions
Night Game,R,Crime,"September 15, 1989",United States,337812.0,Epic Productions
Romero,PG-13,Biography,"August 25, 1989",United States,1316495.0,Paulist Pictures
84C MoPic,R,Drama,"April 7, 1989",United States,,Charlie Mopic
Rosalie Goes Shopping,PG,Comedy,,United States,574080.0,Bayerischer Rundfunk (BR)
